t,dt,fps,state,laser_x,laser_y,target_x,target_y,dx,dy,err_px,vx,vy,velocity,servo_x,servo_y,locked,t_lock,lost_counter
0.0005,0.1,10,TESTTWO,368,10,382,355,278,768.001,507.601,3550.0,2780.0,4509,920.589,86.0,94.0,0,0.0
0.0187,0.0244,41,TESTTWO,368,41,382,358,280,17.026,-83.982,122.841,81.894,148,85.691,85.475,91.408,0,0.0
0.0806,0.0135,74,TESTTWO,371,74,383,363,283,73.366,-51.18,369.842,221.905,431,89.454,83.21,89.828,0,0.0
0.1504,0.0622,16,TESTTWO,393,16,386,363,283,-29.999,-102.999,0,0,0,107.279,84.136,86.649,0,0.0
0.2791,0.0713,14,TESTTWO,424,14,363,357,276,-85.523,-108.61,-84.2,-98.234,129,138.24,86.776,83.297,0,0.0
0.348,0.1,10,TESTTWO,425,10,350,361,275,-55.199,-74.999,40.0,0,40,93.122,88.479,80.982,0,0.0
0.4133,0.0709,14,TESTTWO,424,14,332,368,272,-34.266,-69.313,98.786,-42.337,107,77.321,89.537,78.843,0,0.0
0.4784,0.0644,16,TESTTWO,401,16,307,370,268,-24.171,-52.655,31.037,-62.074,69,57.938,90.283,77.218,0,0.0
0.5462,0.064,16,TESTTWO,383,16,288,367,264,-26.316,-37.755,-46.894,-62.525,78,46.021,91.095,76.053,0,0.0
0.6152,0.0697,14,TESTTWO,373,14,276,360,262,-35.102,-13.999,-100.466,0,100,37.79,92.178,75.621,0,0.0
0.6788,0.0689,15,TESTTWO,366,15,271,352,261,-39.547,-9.999,-116.127,0,116,40.791,93.399,75.312,0,0.0
0.7426,0.0617,16,TESTTWO,359,16,267,347,260,-29.834,-6.999,-81.07,0,81,30.644,94.32,75.096,0,0.0
0.8114,0.0659,15,TESTTWO,355,15,259,348,260,-6.999,1.001,0,0,0,7.07,94.536,75.127,0,0.0659
0.879,0.0681,15,TESTTWO,350,15,258,354,260,23.371,2.001,88.044,0,88,23.456,93.815,75.189,0,0.1341
0.9432,0.0664,15,TESTTWO,347,15,257,361,259,37.189,2.001,105.402,0,105,37.243,92.667,75.25,0,0.0
1.0108,0.066,15,TESTTWO,347,15,257,363,257,22.663,-6.661,30.282,-30.282,43,23.622,91.967,75.045,0,0.066
1.0752,0.067,15,TESTTWO,347,15,258,359,256,-1.141,-1.999,-59.737,0,60,2.302,91.967,75.045,0,0.133
1.143,0.0633,16,TESTTWO,348,16,258,352,255,-20.333,-2.999,-110.611,0,111,20.553,92.595,74.952,0,0.1963
1.2124,0.0689,15,TESTTWO,356,15,258,344,251,-37.525,-19.762,-116.028,-58.014,130,42.411,93.753,74.342,0,0.0
1.2726,0.0692,14,TESTTWO,359,14,254,339,250,-35.889,-3.999,-72.229,0,72,36.112,94.861,74.219,0,0.0
1.3405,0.0589,17,TESTTWO,359,17,251,338,250,-20.999,-0.999,0,0,0,21.023,95.509,74.188,0,0.0589
1.405,0.0692,14,TESTTWO,354,14,252,342,250,0.718,-1.999,57.805,0,58,2.124,95.509,74.188,0,0.1281
1.4732,0.0641,16,TESTTWO,342,16,252,348,251,26.602,-0.999,93.642,0,94,26.621,94.688,74.157,0,0.0
1.5377,0.0673,15,TESTTWO,336,15,251,351,250,24.812,-0.999,44.597,0,45,24.832,93.922,74.126,0,0.0673
1.6055,0.0669,15,TESTTWO,335,15,251,351,249,16.001,-1.999,0,0,0,16.125,93.428,74.065,0,0.1341
1.6729,0.0666,15,TESTTWO,337,15,251,347,248,-3.216,-2.999,-60.075,0,60,4.397,93.428,74.065,0,0.2007
1.7364,0.0661,15,TESTTWO,344,15,251,342,246,-18.648,-11.659,-75.677,-30.271,82,21.993,94.004,73.705,0,0.2668
1.8064,0.0655,15,TESTTWO,347,15,251,336,245,-31.141,-5.999,-91.555,0,92,31.714,94.965,73.52,0,0.0
1.8696,0.0692,14,TESTTWO,347,14,251,334,245,-12.999,-5.999,0,0,0,14.316,95.366,73.335,0,0.0692
1.9369,0.0622,16,TESTTWO,347,16,243,337,249,0.605,20.14,48.201,64.268,80,20.149,95.347,73.956,0,0.1314
2.0051,0.069,14,TESTTWO,345,14,242,346,255,29.705,32.137,130.471,86.98,157,43.762,94.431,74.948,0,0.0
2.069,0.0676,15,TESTTWO,338,15,242,357,257,54.818,15.001,162.803,0,163,56.833,92.739,75.411,0,0.0
2.1363,0.0629,16,TESTTWO,336,16,242,366,258,61.488,16.001,143.121,0,143,63.536,90.841,75.905,0,0.0
2.2008,0.069,14,TESTTWO,341,14,242,369,259,37.564,17.001,43.466,0,43,41.232,89.682,76.43,0,0.0
2.2689,0.0637,16,TESTTWO,359,16,243,369,263,10.001,33.82,0,62.813,63,35.267,89.373,77.473,0,0.0
2.3363,0.0669,15,TESTTWO,369,15,245,365,264,-17.154,19.001,-59.795,0,60,25.599,89.902,78.06,0,0.0
2.4005,0.0694,14,TESTTWO,369,14,245,357,264,-37.345,19.001,-115.211,0,115,41.901,91.055,78.646,0,0.0
2.4686,0.0634,16,TESTTWO,370,16,268,350,260,-44.299,-21.885,-110.454,-63.116,127,49.41,92.422,77.971,0,0.0
2.5323,0.0671,15,TESTTWO,370,15,268,349,258,-20.999,-9.999,0,0,0,23.258,93.07,77.662,0,0.0671
2.6005,0.0657,15,TESTTWO,364,15,268,351,258,-6.301,-9.999,30.446,0,30,11.819,93.265,77.354,0,0.1328
2.6702,0.0673,15,TESTTWO,354,15,268,356,260,18.344,-7.999,74.288,0,74,20.012,92.699,77.107,0,0.2001
2.7329,0.0689,15,TESTTWO,353,15,267,360,261,19.765,-5.999,58.02,0,58,20.656,92.089,76.922,0,0.269
2.8006,0.0642,16,TESTTWO,353,16,267,364,261,24.707,-5.999,62.302,0,62,25.425,91.326,76.736,0,0.0
2.8649,0.0672,15,TESTTWO,353,15,268,365,263,12.001,-4.999,0,0,0,13.001,90.956,76.582,0,0.0672
2.9323,0.0628,16,TESTTWO,353,16,268,363,263,2.993,-4.999,-31.852,0,32,5.827,90.956,76.582,0,0.13
3.0005,0.0689,15,TESTTWO,357,15,268,360,264,-6.58,-3.999,-43.548,0,44,7.699,91.159,76.459,0,0.1989
3.0644,0.0682,15,TESTTWO,357,15,268,358,265,1.001,-2.999,0,0,0,3.162,91.159,76.459,0,0.267
3.1324,0.0628,16,TESTTWO,364,16,268,357,265,-6.999,-2.999,0,0,0,7.614,91.375,76.366,0,0.3298
3.1965,0.069,14,TESTTWO,364,14,268,360,266,5.563,-1.999,43.463,0,43,5.911,91.375,76.366,0,0.3989
3.2646,0.0641,16,TESTTWO,364,16,268,363,266,9.3,-1.999,46.816,0,47,9.513,91.088,76.304,0,0.4629
3.3324,0.0667,15,TESTTWO,364,15,268,366,266,11.893,-1.999,44.964,0,45,12.06,90.721,76.243,0,0.5297
3.3965,0.0692,14,TESTTWO,364,14,268,369,267,14.532,-0.999,43.323,0,43,14.566,90.272,76.212,0,0.5989
3.4651,0.0639,16,TESTTWO,364,16,268,370,268,6.001,0.001,0,0,0,6.001,90.272,76.212,0,0.6629
3.5284,0.0674,15,TESTTWO,364,15,268,368,268,4.001,0.001,0,0,0,4.001,90.272,76.212,0,0.7302
3.5969,0.0652,15,TESTTWO,364,15,267,365,268,-9.124,1.001,-46.022,0,46,9.179,90.554,76.243,0,0.7954
3.6621,0.0679,15,TESTTWO,364,15,267,363,268,-0.999,1.001,0,0,0,1.414,90.554,76.243,0,0.8634
3.7286,0.0639,16,TESTTWO,364,16,267,363,268,-0.999,1.001,0,0,0,1.414,90.554,76.243,0,0.9272
3.7967,0.068,15,TESTTWO,364,15,268,364,268,0.001,0.001,0,0,0,0.001,90.554,76.243,0,0.9952
3.8613,0.068,15,TESTTWO,364,15,267,365,268,1.001,1.001,0,0,0,1.416,90.554,76.243,0,1.0632
3.9288,0.0636,16,TESTTWO,364,16,267,367,267,9.917,0.001,31.439,0,31,9.917,90.247,76.243,0,1.1268
3.9929,0.0692,14,TESTTWO,364,14,267,368,267,4.001,0.001,0,0,0,4.001,90.247,76.243,0,1.196
4.0604,0.0655,15,TESTTWO,364,15,267,367,267,3.001,0.001,0,0,0,3.001,90.247,76.243,0,1.2616
4.1283,0.0641,16,TESTTWO,364,16,267,365,266,-5.862,-0.999,-31.195,0,31,5.946,90.247,76.243,0,1.3257
4.1924,0.0691,14,TESTTWO,364,14,268,362,265,-11.546,-2.999,-43.396,0,43,11.929,90.604,76.15,0,1.3948
4.2606,0.0639,16,TESTTWO,364,16,268,360,264,-10.888,-3.999,-31.311,0,31,11.599,90.94,76.027,0,1.4587
4.3244,0.0671,15,TESTTWO,364,15,268,359,264,-4.999,-3.999,0,0,0,6.402,90.94,76.027,0,1.5258
4.3924,0.0656,15,TESTTWO,364,15,268,359,264,-4.999,-3.999,0,0,0,6.402,90.94,76.027,0,1.5914
4.4604,0.0674,15,TESTTWO,364,15,268,361,264,-2.999,-3.999,0,0,0,4.999,90.94,76.027,0,1.6588
4.5244,0.0667,15,TESTTWO,364,15,268,362,264,-1.999,-3.999,0,0,0,4.471,90.94,76.027,0,1.7255
4.5923,0.066,15,TESTTWO,364,15,268,363,264,-0.999,-3.999,0,0,0,4.122,90.94,76.027,0,1.7915
4.6567,0.0672,15,TESTTWO,364,15,268,363,264,-0.999,-3.999,0,0,0,4.122,90.94,76.027,0,1.8587
4.7243,0.0631,16,TESTTWO,364,16,268,362,263,-1.999,-4.999,0,0,0,5.384,90.94,76.027,0,1.9218
4.7927,0.0696,14,TESTTWO,364,14,268,360,263,-3.999,-4.999,0,0,0,6.402,90.94,76.027,0,1.9914
4.8566,0.0677,15,TESTTWO,364,15,268,359,263,-4.999,-4.999,0,0,0,7.07,91.094,75.873,0,2.0591
4.9244,0.0626,16,TESTTWO,364,16,268,358,263,-5.999,-4.999,0,0,0,7.809,91.279,75.718,0,2.1217
4.9886,0.0699,14,TESTTWO,364,14,267,359,263,-4.999,-3.999,0,0,0,6.402,91.279,75.718,0,2.1915
5.0565,0.0633,16,TESTTWO,364,16,259,361,263,3.947,4.001,31.573,0,32,5.62,91.279,75.718,0,2.2549
5.1244,0.0669,15,TESTTWO,364,15,257,362,264,-1.999,7.001,0,0,0,7.281,91.341,75.934,0,2.3218
5.1886,0.0698,14,TESTTWO,364,14,256,363,264,-0.999,8.001,0,0,0,8.063,91.372,76.181,0,2.3916
5.2569,0.0634,16,TESTTWO,364,16,257,363,265,-0.999,8.001,0,0,0,8.063,91.403,76.428,0,2.4549
5.3205,0.067,15,TESTTWO,364,15,256,363,266,-0.999,10.001,0,0,0,10.051,91.434,76.737,0,2.5219
5.3885,0.0659,15,TESTTWO,364,15,257,363,266,-0.999,9.001,0,0,0,9.056,91.464,77.015,0,2.5878
5.4568,0.067,15,TESTTWO,364,15,256,363,266,-0.999,10.001,0,0,0,10.051,91.495,77.323,0,2.6548
5.5204,0.0675,15,TESTTWO,364,15,256,364,267,0.001,11.001,0,0,0,11.001,91.495,77.663,0,2.7223
5.5889,0.0651,15,TESTTWO,364,15,256,365,268,1.001,12.001,0,0,0,12.043,91.464,78.033,0,2.7875
5.6529,0.0679,15,TESTTWO,364,15,256,367,269,3.001,13.001,0,0,0,13.343,91.372,78.435,0,2.8554
5.7204,0.0629,16,TESTTWO,364,16,258,368,269,4.001,11.001,0,0,0,11.706,91.248,78.774,0,2.9182
5.7891,0.0687,15,TESTTWO,364,15,272,369,268,5.001,-3.999,0,0,0,6.403,91.248,78.774,0,2.987
5.8529,0.0684,15,TESTTWO,364,15,276,368,266,4.001,-9.999,0,0,0,10.77,91.125,78.466,0,3.0554
5.9206,0.0626,16,TESTTWO,364,16,276,365,264,-9.535,-19.023,-47.891,-31.928,58,21.279,91.419,77.878,0,3.118
5.985,0.069,14,TESTTWO,364,14,276,361,264,-15.752,-11.999,-57.97,0,58,19.802,91.905,77.508,0,3.187
6.0528,0.0643,16,TESTTWO,364,16,276,358,263,-16.269,-12.999,-46.683,0,47,20.825,92.407,77.107,0,3.2513
6.1166,0.0669,15,TESTTWO,364,15,276,356,262,-7.999,-13.999,0,0,0,16.123,92.654,76.675,0,3.3182
6.1848,0.065,15,TESTTWO,364,15,276,356,261,-7.999,-14.999,0,0,0,16.999,92.901,76.212,0,3.3832
6.2558,0.068,15,TESTTWO,364,15,276,357,260,-6.999,-15.999,0,0,0,17.463,93.117,75.718,0,3.4512
6.3193,0.0701,14,TESTTWO,364,14,270,358,260,-5.999,-9.999,0,0,0,11.661,93.302,75.409,0,3.5213
6.3871,0.0648,15,TESTTWO,361,15,261,360,262,5.791,7.791,30.864,30.864,44,9.708,93.123,75.65,0,3.5861
6.4489,0.0676,15,TESTTWO,353,15,260,361,263,8.001,3.001,0,0,0,8.545,92.877,75.743,0,3.6537
6.5165,0.0604,17,TESTTWO,350,17,260,361,263,11.001,3.001,0,0,0,11.403,92.537,75.835,0,3.7141
6.5848,0.069,14,TESTTWO,350,14,260,361,263,11.001,3.001,0,0,0,11.403,92.197,75.928,0,3.7831
6.6488,0.068,15,TESTTWO,350,15,260,361,265,11.001,5.001,0,0,0,12.084,91.858,76.082,0,3.8511
6.7165,0.063,16,TESTTWO,350,16,260,362,267,12.001,13.987,0,31.754,32,18.43,91.488,76.514,0,3.914
6.7808,0.0689,15,TESTTWO,353,15,260,364,267,11.001,7.001,0,0,0,13.04,91.148,76.73,0,3.983
6.8488,0.0641,16,TESTTWO,359,16,260,366,267,13.868,7.001,31.214,0,31,15.535,90.72,76.946,0,4.047
6.9165,0.0668,15,TESTTWO,361,15,260,367,268,6.001,8.001,0,0,0,10.001,90.535,77.193,0,4.1139
6.9809,0.0698,14,TESTTWO,361,14,259,368,267,7.001,8.001,0,0,0,10.632,90.319,77.44,0,4.1836
7.0487,0.0636,16,TESTTWO,361,16,259,367,267,6.001,8.001,0,0,0,10.001,90.133,77.687,0,4.2472
7.1125,0.0666,15,TESTTWO,361,15,259,366,268,5.001,9.001,0,0,0,10.297,89.979,77.965,0,4.3138
7.1807,0.0651,15,TESTTWO,361,15,259,364,266,-3.754,0.246,-30.704,-30.704,43,3.762,89.979,77.965,1,4.379
7.2486,0.0681,15,TESTTWO,366,15,260,364,268,-1.999,8.001,0,0,0,8.247,90.041,78.212,1,4.447
7.3125,0.0668,15,TESTTWO,369,15,259,365,272,-3.999,26.182,0,59.916,60,26.486,90.164,79.02,1,0.0
7.3807,0.0653,15,TESTTWO,369,15,261,369,275,13.47,24.103,61.225,45.919,77,27.612,89.748,79.764,1,0.0
7.4452,0.068,15,TESTTWO,369,15,272,375,279,25.408,19.939,88.216,58.811,106,32.298,88.964,80.379,1,0.0
7.5126,0.0634,16,TESTTWO,369,16,282,382,281,37.284,5.939,110.378,31.537,115,37.754,87.814,80.562,1,0.0
7.5811,0.0691,14,TESTTWO,375,14,284,387,281,27.917,-2.999,72.345,0,72,28.078,86.952,80.47,1,0.0
7.6446,0.0678,15,TESTTWO,385,15,284,389,281,4.001,-2.999,0,0,0,5.0,86.952,80.47,1,0.0678
7.7125,0.0622,16,TESTTWO,392,16,284,388,281,-3.999,-2.999,0,0,0,4.999,86.952,80.47,1,0.1301
7.7766,0.0699,14,TESTTWO,393,14,284,383,281,-25.728,-2.999,-71.496,0,71,25.902,87.746,80.377,1,0.0
7.8468,0.0633,16,TESTTWO,392,16,284,375,277,-44.798,-20.898,-126.359,-63.179,141,49.433,89.129,79.732,1,0.0
7.9125,0.0692,14,TESTTWO,393,14,284,368,275,-47.265,-8.999,-101.209,0,101,48.114,90.587,79.454,1,0.0
7.9768,0.0675,15,TESTTWO,388,15,284,364,274,-37.045,-9.999,-59.3,0,59,38.371,91.731,79.146,1,0.0
8.0449,0.0635,16,TESTTWO,377,16,284,364,274,-12.999,-9.999,0,0,0,16.4,92.132,78.837,1,0.0635
8.1087,0.067,15,TESTTWO,367,15,284,368,274,14.136,-9.999,59.703,0,60,17.315,91.696,78.529,1,0.1305
8.1768,0.0658,15,TESTTWO,359,15,283,373,275,30.726,-7.999,76.022,0,76,31.75,90.747,78.282,1,0.0
8.2409,0.0673,15,TESTTWO,357,15,284,378,277,37.335,-6.999,74.244,0,74,37.985,89.595,78.066,1,0.0
8.3086,0.0629,16,TESTTWO,360,16,284,382,277,35.987,-6.999,63.575,0,64,36.662,88.484,77.85,1,0.0
8.3768,0.0697,14,TESTTWO,368,14,284,382,278,14.001,-5.999,0,0,0,15.232,88.052,77.665,1,0.0697
8.4407,0.0675,15,TESTTWO,378,15,280,380,278,2.001,-1.999,0,0,0,2.828,88.052,77.665,1,0.1371
8.5086,0.0626,16,TESTTWO,385,16,271,376,278,-23.047,7.001,-63.853,0,64,24.087,88.764,77.881,1,0.1998
8.5727,0.0698,14,TESTTWO,385,14,270,372,278,-25.6,8.001,-57.278,0,57,26.821,89.554,78.128,1,0.0
8.6409,0.0659,15,TESTTWO,385,15,270,371,278,-13.999,8.001,0,0,0,16.124,89.986,78.375,1,0.0659
8.7087,0.0643,16,TESTTWO,385,16,270,372,279,-12.999,9.001,0,0,0,15.811,90.387,78.652,1,0.1301
8.7732,0.0699,14,TESTTWO,385,14,270,376,281,3.582,11.001,57.186,0,57,11.569,90.276,78.992,1,0.2001
8.8408,0.0639,16,TESTTWO,381,16,270,382,282,21.66,12.001,93.904,0,94,24.762,89.608,79.362,1,0.264
8.9047,0.0664,15,TESTTWO,372,15,270,386,282,27.253,12.001,60.237,0,60,29.779,88.767,79.733,1,0.0
8.977,0.0659,15,TESTTWO,368,15,270,388,281,26.681,11.001,30.364,0,30,28.86,87.943,80.072,1,0.0
9.0408,0.0714,14,TESTTWO,369,14,270,387,281,18.001,11.001,0,0,0,21.096,87.388,80.412,1,0.0714
9.1046,0.0626,16,TESTTWO,381,16,275,384,281,-7.547,6.001,-47.944,0,48,9.642,87.621,80.597,1,0.134
9.1731,0.0657,15,TESTTWO,390,15,287,379,281,-27.732,-5.999,-76.059,0,76,28.373,88.476,80.412,1,0.0
9.237,0.0676,15,TESTTWO,391,15,290,374,280,-33.269,-9.999,-73.956,0,74,34.739,89.503,80.103,1,0.0
9.3046,0.0628,16,TESTTWO,391,16,290,372,278,-26.007,-19.007,-31.855,-31.855,45,32.212,90.306,79.517,1,0.0
9.3728,0.0698,14,TESTTWO,391,14,290,373,278,-17.999,-11.999,0,0,0,21.632,90.862,79.146,1,0.0698
9.4369,0.0673,15,TESTTWO,381,15,290,375,278,-5.999,-11.999,0,0,0,13.415,91.047,78.776,1,0.137
9.5046,0.063,16,TESTTWO,374,16,290,378,278,14.481,-11.999,47.637,0,48,18.806,90.6,78.406,1,0.2
9.5688,0.0696,14,TESTTWO,368,14,290,380,278,12.001,-11.999,0,0,0,16.971,90.229,78.035,1,0.2696
9.6369,0.0634,16,TESTTWO,362,16,282,381,278,19.001,-3.999,0,0,0,19.417,89.643,77.912,1,0.333
9.7047,0.0672,15,TESTTWO,362,15,278,380,278,18.001,0.001,0,0,0,18.001,89.087,77.912,1,0.4003
9.7692,0.0695,14,TESTTWO,362,14,278,377,278,5.507,0.001,-43.153,0,43,5.507,89.087,77.912,1,0.4698
9.8369,0.064,16,TESTTWO,362,16,278,374,278,1.687,0.001,-46.88,0,47,1.687,89.087,77.912,1,0.5338
9.9006,0.0663,15,TESTTWO,362,15,279,373,279,11.001,0.001,0,0,0,11.001,88.748,77.912,1,0.6
9.9687,0.0656,15,TESTTWO,362,15,278,375,283,19.71,18.419,30.496,60.992,68,26.977,88.139,78.48,1,0.0
10.0367,0.0675,15,TESTTWO,367,15,279,380,285,29.301,6.001,74.09,0,74,29.909,87.235,78.666,1,0.0
10.1007,0.0669,15,TESTTWO,379,15,279,387,286,31.029,7.001,104.675,0,105,31.809,86.277,78.882,1,0.0
10.1687,0.0658,15,TESTTWO,385,15,279,392,285,23.709,6.001,75.947,0,76,24.457,85.546,79.067,1,0.0658
10.2329,0.0672,15,TESTTWO,390,15,279,394,285,4.001,6.001,0,0,0,7.212,85.422,79.252,1,0.1331
10.3008,0.0629,16,TESTTWO,398,16,279,393,284,-4.999,5.001,0,0,0,7.071,85.576,79.406,1,0.196
10.3649,0.0699,14,TESTTWO,401,14,279,388,285,-28.729,6.001,-71.499,0,71,29.349,86.463,79.592,1,0.0
10.4329,0.0632,16,TESTTWO,401,16,279,381,284,-44.355,5.001,-110.707,0,111,44.636,87.832,79.746,1,0.0
10.5007,0.0672,15,TESTTWO,400,15,279,376,283,-40.377,4.001,-74.447,0,74,40.575,89.078,79.869,1,0.0
10.5647,0.0696,14,TESTTWO,400,14,279,374,282,-25.999,3.001,0,0,0,26.172,89.881,79.962,1,0.0
10.6328,0.0631,16,TESTTWO,396,16,279,376,282,-13.023,3.001,31.709,0,32,13.364,90.283,80.055,1,0.0631
10.6967,0.067,15,TESTTWO,382,15,279,381,283,15.42,4.001,74.631,0,75,15.93,89.807,80.178,1,0.1301
10.7649,0.0659,15,TESTTWO,377,15,279,386,283,25.697,4.001,75.892,0,76,26.007,89.014,80.302,1,0.0
10.8327,0.0673,15,TESTTWO,377,15,285,389,281,21.812,-3.999,44.595,0,45,22.175,88.34,80.178,1,0.0673
10.8968,0.0669,15,TESTTWO,377,15,290,389,281,12.001,-8.999,0,0,0,15.0,87.97,79.901,1,0.1342
10.9648,0.0653,15,TESTTWO,377,15,290,386,282,-1.11,-7.999,-45.961,0,46,8.076,88.004,79.654,1,0.1995
11.0293,0.0678,15,TESTTWO,377,15,290,381,283,-12.229,-6.999,-73.771,0,74,14.09,88.382,79.438,1,0.2672
11.0966,0.064,16,TESTTWO,378,16,290,376,283,-19.189,-6.999,-78.136,0,78,20.426,88.974,79.222,1,0.3312
11.1649,0.068,15,TESTTWO,379,15,290,374,281,-4.999,-8.999,0,0,0,10.294,89.128,78.944,1,0.3992
11.2289,0.0681,15,TESTTWO,379,15,291,375,282,-3.999,-8.999,0,0,0,9.848,89.252,78.666,1,0.4673
11.2967,0.0629,16,TESTTWO,378,16,288,379,282,14.993,-5.999,63.602,0,64,16.149,88.789,78.481,1,0.5302
11.3613,0.0691,14,TESTTWO,378,14,279,383,281,17.73,2.001,57.857,0,58,17.842,88.242,78.543,1,0.5994
11.4319,0.0642,16,TESTTWO,378,16,276,387,282,22.698,6.001,62.258,0,62,23.478,87.541,78.728,1,0.6636
11.4997,0.0699,14,TESTTWO,379,14,277,388,283,9.001,6.001,0,0,0,10.818,87.263,78.913,1,0.7335
11.5646,0.0696,14,TESTTWO,382,14,277,387,284,5.001,7.001,0,0,0,8.604,87.109,79.129,1,0.8031
11.6308,0.064,16,TESTTWO,388,16,277,384,284,-14.312,7.001,-46.878,0,47,15.933,87.551,79.345,1,0.8671
11.6948,0.0652,15,TESTTWO,388,15,277,381,285,-17.12,8.001,-46.004,0,46,18.897,88.079,79.592,1,0.9324
11.7639,0.0659,15,TESTTWO,388,15,277,379,284,-15.673,7.001,-30.337,0,30,17.166,88.563,79.808,1,0.9983
11.8346,0.0684,15,TESTTWO,388,15,277,380,284,-7.999,7.001,0,0,0,10.63,88.81,80.024,1,1.0666
11.8957,0.0697,14,TESTTWO,388,14,277,383,284,4.473,7.001,43.056,0,43,8.308,88.672,80.24,1,1.1363
11.9641,0.0629,16,TESTTWO,388,16,277,386,284,8.491,7.001,47.684,0,48,11.005,88.41,80.457,1,1.1992
12.0274,0.0676,15,TESTTWO,388,15,277,388,283,0.001,6.001,0,0,0,6.001,88.41,80.457,1,1.2668
12.0952,0.0626,16,TESTTWO,388,16,289,388,283,0.001,-5.999,0,0,0,5.999,88.41,80.457,1,1.3294
12.1645,0.0693,14,TESTTWO,388,14,289,386,283,-1.999,-5.999,0,0,0,6.323,88.41,80.457,1,1.3987
12.228,0.0685,15,TESTTWO,388,15,289,383,284,-14.639,-4.999,-43.819,0,44,15.469,88.861,80.302,1,1.4672
12.2955,0.0625,16,TESTTWO,388,16,289,381,284,-14.038,-4.999,-31.997,0,32,14.902,89.295,80.148,1,1.5297
12.3617,0.0693,14,TESTTWO,388,14,289,379,283,-8.999,-5.999,0,0,0,10.815,89.572,79.963,1,1.5989
12.4279,0.0655,15,TESTTWO,388,15,289,380,284,-7.999,-4.999,0,0,0,9.433,89.819,79.809,1,1.6644
12.4946,0.0651,15,TESTTWO,388,15,290,382,285,0.755,-4.999,30.699,0,31,5.056,89.819,79.809,1,1.7296
12.6278,0.0685,15,TESTTWO,388,15,290,388,285,19.262,-4.999,87.548,0,88,19.9,89.225,79.654,1,1.7981
12.6911,0.1,10,TESTTWO,388,10,290,389,286,1.001,-3.999,0,0,0,4.122,89.225,79.654,1,1.8981
12.7604,0.0653,15,TESTTWO,388,15,289,390,287,2.001,-1.999,0,0,0,2.828,89.225,79.654,1,1.9635
12.8247,0.0687,15,TESTTWO,388,15,290,388,287,0.001,-2.999,0,0,0,2.999,89.225,79.654,1,2.0321
12.8912,0.063,16,TESTTWO,388,16,289,387,288,-0.999,-0.999,0,0,0,1.413,89.225,79.654,1,2.0951
12.9592,0.0683,15,TESTTWO,388,15,289,385,288,-2.999,-0.999,0,0,0,3.161,89.225,79.654,1,2.1634
13.0278,0.0691,14,TESTTWO,388,14,289,385,287,-2.999,-1.999,0,0,0,3.604,89.225,79.654,1,2.2326
13.0893,0.0656,15,TESTTWO,388,15,290,386,287,-1.999,-2.999,0,0,0,3.604,89.225,79.654,1,2.2981
13.1534,0.0634,16,TESTTWO,389,16,290,387,287,-1.999,-2.999,0,0,0,3.604,89.225,79.654,1,2.3615
13.2211,0.0631,16,TESTTWO,388,16,290,388,286,0.001,-3.999,0,0,0,3.999,89.225,79.654,1,2.4246
13.2887,0.0666,15,TESTTWO,388,15,289,389,286,1.001,-2.999,0,0,0,3.162,89.225,79.654,1,2.4912
13.353,0.0689,15,TESTTWO,388,15,289,387,285,-0.999,-3.999,0,0,0,4.122,89.225,79.654,1,2.5601
13.4211,0.0641,16,TESTTWO,388,16,290,385,284,-9.863,-5.999,-31.202,0,31,11.545,89.529,79.469,1,2.6242
13.4853,0.0671,15,TESTTWO,388,15,290,383,283,-4.999,-6.999,0,0,0,8.601,89.684,79.253,1,2.6913
13.5533,0.0656,15,TESTTWO,388,15,290,381,283,-13.709,-6.999,-30.501,0,31,15.392,90.107,79.037,1,2.7568
13.6218,0.0677,15,TESTTWO,388,15,289,380,283,-7.999,-5.999,0,0,0,9.999,90.354,78.852,1,2.8245
13.685,0.0677,15,TESTTWO,386,15,289,380,283,-5.999,-5.999,0,0,0,8.484,90.539,78.667,1,2.8922
13.7534,0.0649,15,TESTTWO,378,15,290,381,283,3.001,-6.999,0,0,0,7.615,90.446,78.451,1,2.9571
13.8174,0.0677,15,TESTTWO,374,15,283,383,284,9.001,1.001,0,0,0,9.056,90.168,78.482,1,3.0248
13.885,0.0628,16,TESTTWO,374,16,279,387,288,27.024,23.024,63.741,63.741,90,35.502,89.334,79.192,1,0.0
13.9532,0.0696,14,TESTTWO,374,14,279,390,288,25.477,9.001,43.074,0,43,27.021,88.548,79.47,1,0.0
14.0176,0.0673,15,TESTTWO,374,15,279,392,287,18.001,8.001,0,0,0,19.699,87.992,79.717,1,0.0673
14.085,0.0636,16,TESTTWO,373,16,279,391,285,18.001,-0.921,0,-31.465,31,18.025,87.437,79.689,1,0.1309
14.1493,0.0691,14,TESTTWO,377,14,279,388,283,1.443,4.001,-43.445,0,43,4.253,87.437,79.689,1,0.1999
14.2176,0.0636,16,TESTTWO,387,16,280,384,282,-16.842,2.001,-62.924,0,63,16.961,87.957,79.75,1,0.2635
14.285,0.0671,15,TESTTWO,391,15,279,379,282,-28.386,3.001,-74.485,0,74,28.544,88.833,79.843,1,0.0
14.3492,0.0694,14,TESTTWO,391,14,280,375,280,-28.677,0.001,-57.626,0,58,28.677,89.718,79.843,1,0.0
14.4193,0.0652,15,TESTTWO,391,15,280,374,280,-16.999,0.001,0,0,0,16.999,90.242,79.843,1,0.0652
14.4815,0.0667,15,TESTTWO,389,15,279,375,280,-13.999,1.001,0,0,0,14.035,90.674,79.874,1,0.132
14.5492,0.0643,16,TESTTWO,377,16,279,379,282,15.689,9.845,62.219,31.11,70,18.522,90.19,80.178,1,0.1963
14.6177,0.0669,15,TESTTWO,371,15,279,383,281,25.149,2.001,59.762,0,60,25.228,89.414,80.24,1,0.2632
14.6812,0.0674,15,TESTTWO,371,15,279,386,281,24.792,2.001,44.503,0,45,24.872,88.649,80.301,1,0.3306
14.7494,0.0654,15,TESTTWO,371,15,279,386,281,15.001,2.001,0,0,0,15.134,88.186,80.363,1,0.396
14.8136,0.0675,15,TESTTWO,371,15,279,385,281,14.001,2.001,0,0,0,14.143,87.754,80.425,1,0.4635
14.881,0.0636,16,TESTTWO,371,16,279,381,281,-3.834,2.001,-62.887,0,63,4.325,87.754,80.425,1,0.5271
14.9456,0.0681,15,TESTTWO,374,15,280,377,281,-9.913,1.001,-58.701,0,59,9.964,88.06,80.456,1,0.5952
15.0139,0.0654,15,TESTTWO,385,15,280,375,280,-16.723,0.001,-30.564,0,31,16.723,88.576,80.456,1,0.6607
15.0814,0.0661,15,TESTTWO,391,15,280,375,281,-15.999,1.001,0,0,0,16.03,89.07,80.487,1,0.7268
15.1454,0.0695,14,TESTTWO,391,14,280,377,281,-13.999,1.001,0,0,0,14.035,89.502,80.518,1,0.7963
15.2138,0.063,16,TESTTWO,388,16,280,381,281,6.968,1.001,63.487,0,63,7.04,89.287,80.548,1,0.8593
15.2775,0.0675,15,TESTTWO,380,15,279,385,282,18.037,3.001,59.256,0,59,18.285,88.73,80.641,1,0.9268
15.3455,0.0655,15,TESTTWO,378,15,279,386,282,8.001,3.001,0,0,0,8.545,88.483,80.734,1,0.9923
15.413,0.0674,15,TESTTWO,378,15,279,386,282,8.001,3.001,0,0,0,8.545,88.236,80.826,1,1.0596
15.4769,0.0661,15,TESTTWO,378,15,279,383,281,-4.978,2.001,-45.361,0,45,5.365,88.236,80.826,1,1.1258
15.545,0.0659,15,TESTTWO,378,15,279,379,281,-12.344,2.001,-60.657,0,61,12.505,88.617,80.888,1,1.1917
15.6092,0.0673,15,TESTTWO,378,15,279,377,281,-0.999,2.001,0,0,0,2.237,88.617,80.888,1,1.259
15.6769,0.063,16,TESTTWO,378,16,279,375,281,-9.981,2.001,-31.736,0,32,10.18,88.925,80.95,1,1.322
15.745,0.0696,14,TESTTWO,378,14,279,377,281,-0.999,2.001,0,0,0,2.237,88.925,80.95,1,1.3916
15.8091,0.0675,15,TESTTWO,378,15,279,379,281,1.001,2.001,0,0,0,2.237,88.925,80.95,1,1.4591
15.8769,0.0629,16,TESTTWO,377,16,279,383,281,19.99,2.001,63.588,0,64,20.09,88.308,81.012,1,1.522
15.9411,0.0691,14,TESTTWO,377,14,279,385,280,8.001,1.001,0,0,0,8.063,88.061,81.042,1,1.5911
16.0091,0.0639,16,TESTTWO,377,16,282,385,281,8.001,-0.999,0,0,0,8.063,87.814,81.012,1,1.655
16.0769,0.0671,15,TESTTWO,378,15,292,383,281,5.001,-10.999,0,0,0,12.083,87.66,80.672,1,1.7221
16.1413,0.069,14,TESTTWO,378,14,299,380,281,-7.568,-17.999,-43.497,0,43,19.525,87.893,80.117,1,1.791
16.2092,0.0643,16,TESTTWO,385,16,299,377,279,-18.263,-26.842,-46.654,-31.103,56,32.465,88.457,79.288,1,0.0
16.273,0.0666,15,TESTTWO,389,15,299,375,279,-20.602,-19.999,-30.014,0,30,28.712,89.093,78.671,1,0.0
16.341,0.0653,15,TESTTWO,389,15,298,375,278,-13.999,-19.999,0,0,0,24.412,89.525,78.054,1,0.0653
16.4093,0.0676,15,TESTTWO,387,15,287,376,278,-10.999,-8.999,0,0,0,14.211,89.864,77.776,1,0.1329
16.4728,0.0672,15,TESTTWO,379,15,279,377,277,-1.999,-1.999,0,0,0,2.827,89.864,77.776,1,0.2001
16.541,0.0655,15,TESTTWO,379,15,279,377,276,-1.999,-2.999,0,0,0,3.604,89.864,77.776,1,0.2656
16.605,0.0674,15,TESTTWO,379,15,279,377,276,-1.999,-2.999,0,0,0,3.604,89.864,77.776,1,0.333
16.6733,0.063,16,TESTTWO,378,16,279,375,274,-9.987,-11.987,-31.766,-31.766,45,15.603,90.173,77.406,1,0.396
16.741,0.0702,14,TESTTWO,378,14,280,371,271,-19.528,-18.396,-56.951,-42.714,71,26.828,90.775,76.838,1,0.0
16.8052,0.0669,15,TESTTWO,378,15,279,365,267,-32.743,-25.162,-89.748,-59.832,108,41.295,91.786,76.062,1,0.0
16.8729,0.0631,16,TESTTWO,377,16,273,359,262,-38.917,-28.431,-95.083,-79.236,124,48.196,92.987,75.184,1,0.0
16.9372,0.0695,14,TESTTWO,369,14,271,353,259,-34.983,-21.491,-86.293,-43.147,96,41.058,94.067,74.521,1,0.0
17.0058,0.0636,16,TESTTWO,358,16,265,350,261,-18.37,2.915,-47.14,31.427,57,18.6,94.634,74.611,1,0.0636
17.0729,0.0674,15,TESTTWO,350,15,256,353,267,12.8,30.598,44.539,89.078,100,33.168,94.239,75.555,1,0.0
17.137,0.0684,15,TESTTWO,346,15,251,362,267,44.929,16.001,131.492,0,131,47.693,92.852,76.049,1,0.0
17.2052,0.0638,16,TESTTWO,346,16,251,372,269,60.472,24.895,156.684,31.337,160,65.396,90.986,76.817,1,0.0
17.2689,0.0671,15,TESTTWO,346,15,251,380,272,60.242,30.841,119.276,44.728,127,67.677,89.126,77.769,1,0.0
17.3372,0.0651,15,TESTTWO,353,15,251,383,272,40.133,21.001,46.055,0,46,45.296,87.888,78.417,1,0.0
17.4012,0.0695,14,TESTTWO,366,14,252,382,274,16.001,22.001,0,0,0,27.204,87.394,79.096,1,0.0
17.469,0.0615,16,TESTTWO,379,16,262,376,275,-24.461,13.001,-97.555,0,98,27.701,88.149,79.498,1,0.0
17.5372,0.0697,14,TESTTWO,388,14,277,368,274,-45.259,-2.999,-114.819,0,115,45.358,89.546,79.405,1,0.0
17.6016,0.0674,15,TESTTWO,389,15,283,363,273,-42.327,-9.999,-74.218,0,74,43.492,90.852,79.097,1,0.0
17.669,0.0633,16,TESTTWO,389,16,283,363,273,-25.999,-9.999,0,0,0,27.855,91.655,78.788,1,0.0
17.7332,0.0692,14,TESTTWO,385,14,283,368,274,-1.107,-8.999,72.235,0,72,9.067,91.689,78.51,1,0.0692
17.8012,0.0636,16,TESTTWO,370,16,283,375,274,29.228,-8.999,110.122,0,110,30.582,90.787,78.232,1,0.0
17.869,0.0671,15,TESTTWO,360,15,282,380,272,36.393,-9.999,74.508,0,75,37.741,89.663,77.924,1,0.0
17.9332,0.0694,14,TESTTWO,360,14,283,382,271,22.001,-11.999,0,0,0,25.06,88.984,77.553,1,0.0694
18.0014,0.0634,16,TESTTWO,360,16,282,379,270,8.594,-11.999,-47.303,0,47,14.759,88.719,77.183,1,0.1328
18.068,0.067,15,TESTTWO,371,15,276,371,271,-26.269,-4.999,-119.407,0,119,26.74,89.53,77.029,1,0.0
18.1367,0.0688,15,TESTTWO,382,15,272,364,271,-40.373,-0.999,-101.698,0,102,40.385,90.776,76.998,1,0.0
18.2036,0.0678,15,TESTTWO,384,15,271,359,269,-41.221,-1.999,-73.736,0,74,41.269,92.048,76.936,1,0.0
18.2678,0.0658,15,TESTTWO,383,15,269,360,270,-22.999,1.001,0,0,0,23.021,92.758,76.967,1,0.0658
18.3359,0.0661,15,TESTTWO,368,15,269,365,272,13.634,9.654,75.605,30.242,81,16.706,92.337,77.265,1,0.132
18.4004,0.0672,15,TESTTWO,356,15,269,375,277,51.73,24.365,148.767,74.383,166,57.181,90.741,78.017,1,0.0
18.4681,0.0637,16,TESTTWO,355,16,269,384,277,60.083,8.001,141.281,0,141,60.613,88.886,78.264,1,0.0
18.5367,0.0694,14,TESTTWO,357,14,269,389,276,47.857,7.001,72.074,0,72,48.367,87.409,78.48,1,0.0
18.5996,0.0677,15,TESTTWO,373,15,270,389,277,16.001,7.001,0,0,0,17.466,86.915,78.696,1,0.0677
18.731,0.0619,16,TESTTWO,391,16,270,377,279,-56.664,16.112,-193.932,32.322,197,58.91,88.664,79.194,1,0.0
18.8013,0.1,10,TESTTWO,391,10,270,370,278,-36.399,8.001,-70.0,0,70,37.268,89.788,79.441,1,0.0
18.8652,0.0697,14,TESTTWO,391,14,270,368,279,-22.999,9.001,0,0,0,24.698,90.498,79.718,1,0.0697
18.9291,0.0624,16,TESTTWO,388,16,279,370,279,-10.95,0.001,32.04,0,32,10.95,90.835,79.718,1,0.1321
18.9972,0.0657,15,TESTTWO,374,15,286,377,278,26.44,-7.999,106.54,0,107,27.623,90.019,79.471,1,0.0
19.0613,0.0675,15,TESTTWO,364,15,286,384,274,42.833,-25.046,103.78,-59.303,120,49.618,88.697,78.698,1,0.0
19.1971,0.0628,16,TESTTWO,368,16,286,373,276,-33.506,-2.998,-175.031,31.824,178,33.64,89.732,78.606,1,0.0
19.2612,0.1,10,TESTTWO,381,10,287,347,267,-91.199,-39.799,-260.0,-90.0,275,99.505,92.546,77.378,1,0.0
19.3293,0.0632,16,TESTTWO,387,16,288,341,262,-66.89,-43.408,-94.96,-79.134,124,79.741,94.611,76.038,1,0.0
19.3931,0.0669,15,TESTTWO,373,15,283,357,279,36.582,51.868,239.002,253.94,349,63.47,93.482,77.639,1,0.0
19.4612,0.0658,15,TESTTWO,351,15,272,351,273,-20.05,-19.05,-91.141,-91.141,129,27.657,94.101,77.051,1,0.0
19.5254,0.0673,15,TESTTWO,344,15,267,341,265,-35.683,-28.147,-148.566,-118.853,190,45.448,95.202,76.182,1,0.0
19.5931,0.0631,16,TESTTWO,344,16,267,352,276,46.37,47.37,174.406,174.406,247,66.288,93.771,77.644,1,0.0
19.6612,0.0697,14,TESTTWO,344,14,267,344,270,-25.261,-15.945,-114.827,-86.12,144,29.873,94.55,77.152,1,0.0
19.7253,0.0672,15,TESTTWO,344,15,267,340,267,-17.089,-9.817,-59.5,-44.625,74,19.708,95.078,76.849,1,0.0672
19.793,0.063,16,TESTTWO,344,16,268,348,274,31.939,30.447,126.992,111.118,169,44.126,94.092,77.789,1,0.0
19.8573,0.0697,14,TESTTWO,344,14,268,338,266,-37.585,-27.268,-143.573,-114.858,184,46.435,95.252,76.947,1,0.0
19.9255,0.0633,16,TESTTWO,343,16,268,343,271,17.368,20.368,78.94,78.94,112,26.767,94.716,77.576,1,0.0
19.9931,0.0672,15,TESTTWO,340,15,267,342,270,2.001,3.001,0,0,0,3.607,94.716,77.576,1,0.0672
20.0573,0.0696,14,TESTTWO,338,14,267,338,267,-12.649,-9.486,-57.499,-43.124,72,15.811,95.107,77.283,1,0.1368
20.1253,0.0633,16,TESTTWO,338,16,267,345,272,31.325,22.375,110.565,78.975,136,38.496,94.14,77.973,1,0.0
20.1892,0.067,15,TESTTWO,338,15,267,338,266,-22.968,-20.687,-104.406,-89.491,138,30.911,94.849,77.335,1,0.0
20.2574,0.0656,15,TESTTWO,338,15,267,342,270,17.409,16.409,60.946,60.946,86,23.923,94.311,77.841,1,0.0656
20.3254,0.0676,15,TESTTWO,338,15,267,340,269,2.001,2.001,0,0,0,2.83,94.311,77.841,1,0.1333
20.3891,0.0668,15,TESTTWO,338,15,267,338,267,0.001,0.001,0,0,0,0.001,94.311,77.841,1,0.2001
20.4571,0.0656,15,TESTTWO,338,15,268,342,271,17.417,16.417,60.983,60.983,86,23.935,93.774,78.348,1,0.2657
20.5215,0.0672,15,TESTTWO,338,15,267,337,266,-17.373,-17.373,-74.426,-74.426,105,24.569,94.31,77.812,1,0.3329
20.5893,0.0632,16,TESTTWO,338,16,267,341,270,16.919,16.919,63.263,63.263,89,23.927,93.788,78.334,1,0.3961
20.6579,0.0697,14,TESTTWO,338,14,267,339,268,1.001,1.001,0,0,0,1.416,93.788,78.334,1,0.4658
20.7212,0.0679,15,TESTTWO,338,15,268,339,268,1.001,0.001,0,0,0,1.001,93.788,78.334,1,0.5337
20.7891,0.062,16,TESTTWO,338,16,267,341,269,10.096,2.001,32.25,0,32,10.292,93.476,78.396,1,0.5957
20.8532,0.07,14,TESTTWO,338,14,267,338,267,-9.431,0.001,-42.873,0,43,9.431,93.767,78.396,1,0.6657
20.9215,0.0632,16,TESTTWO,338,16,268,341,270,13.451,12.451,47.498,47.498,67,18.329,93.352,78.78,1,0.7288
20.9891,0.0674,15,TESTTWO,338,15,267,338,268,-9.786,1.001,-44.488,0,44,9.837,93.654,78.811,1,0.7963
21.0531,0.0694,14,TESTTWO,338,14,267,338,268,0.001,1.001,0,0,0,1.001,93.654,78.811,1,0.8657
21.1214,0.0631,16,TESTTWO,338,16,267,340,269,8.973,2.001,31.693,0,32,9.194,93.377,78.873,1,0.9288
21.1853,0.0672,15,TESTTWO,338,15,268,338,267,0.001,-0.999,0,0,0,0.999,93.377,78.873,1,0.996
21.2533,0.0658,15,TESTTWO,338,15,267,340,269,8.683,8.683,30.375,30.375,43,12.28,93.109,79.141,1,1.0618
21.3213,0.0671,15,TESTTWO,338,15,267,341,269,3.001,2.001,0,0,0,3.607,93.109,79.141,1,1.129
21.3851,0.0669,15,TESTTWO,338,15,267,343,270,5.001,3.001,0,0,0,5.832,93.109,79.141,1,1.1959
21.4536,0.0657,15,TESTTWO,338,15,271,347,273,22.405,12.054,60.927,45.695,76,25.442,92.418,79.513,1,0.0
21.5179,0.0678,15,TESTTWO,338,15,286,349,274,11.001,-11.999,0,0,0,16.279,92.078,79.143,1,0.0678
21.5851,0.0631,16,TESTTWO,338,16,287,354,279,33.447,9.447,79.302,79.302,112,34.756,91.046,79.434,1,0.0
21.6535,0.0693,14,TESTTWO,345,14,287,361,284,38.236,12.883,101.069,72.192,124,40.348,89.866,79.832,1,0.0
21.7176,0.0675,15,TESTTWO,356,15,288,366,289,26.287,17.287,74.027,74.027,105,31.462,89.054,80.365,1,0.0
21.7851,0.0629,16,TESTTWO,365,16,288,371,294,23.491,23.491,79.499,79.499,112,33.221,88.329,81.09,1,0.0
21.8493,0.0694,14,TESTTWO,371,14,288,379,301,33.345,35.177,115.202,100.802,153,48.47,87.3,82.176,1,0.0
21.9174,0.0635,16,TESTTWO,372,16,288,387,307,42.709,39.782,125.945,94.459,157,58.366,85.982,83.404,1,0.0
21.9812,0.067,15,TESTTWO,380,15,295,394,312,36.969,33.407,104.402,74.573,128,49.827,84.841,84.435,1,0.0
22.0496,0.0657,15,TESTTWO,395,15,304,402,319,33.804,38.454,121.833,106.604,162,51.2,83.798,85.622,1,0.0
22.1175,0.0676,15,TESTTWO,408,15,314,410,325,28.048,30.536,118.395,88.796,148,41.462,82.932,86.564,1,0.0
22.1812,0.0667,15,TESTTWO,421,15,322,417,330,19.073,24.481,104.871,74.908,129,31.033,82.343,87.32,1,0.0
22.2493,0.0655,15,TESTTWO,430,15,334,424,335,17.503,17.788,106.826,76.304,131,24.955,81.803,87.869,1,0.0655
22.3134,0.0675,15,TESTTWO,432,15,343,434,341,34.612,17.568,148.233,88.94,173,38.815,80.735,88.411,1,0.0
22.3812,0.0628,16,TESTTWO,435,16,346,441,347,30.538,22.032,111.53,95.597,147,37.656,79.792,89.091,1,0.0
22.4498,0.0698,14,TESTTWO,444,14,348,448,351,26.05,15.601,100.224,57.271,115,30.364,78.988,89.573,1,0.0
22.5137,0.0679,15,TESTTWO,453,15,358,455,356,24.698,14.213,103.168,73.691,127,28.496,78.226,90.011,1,0.0
22.5812,0.0627,16,TESTTWO,460,16,366,462,360,26.551,8.03,111.591,63.766,129,27.739,77.406,90.259,1,0.0
22.6457,0.0693,14,TESTTWO,462,14,369,468,363,25.043,3.522,86.557,43.278,97,25.29,76.633,90.368,1,0.0
22.7134,0.0638,16,TESTTWO,470,16,370,473,366,20.236,6.342,78.34,47.004,91,21.206,76.009,90.564,1,0.0638
22.7813,0.0666,15,TESTTWO,476,15,371,478,369,18.509,7.906,75.035,45.021,88,20.126,75.438,90.808,1,0.1305
22.8454,0.0697,14,TESTTWO,476,14,371,483,372,22.774,10.465,71.696,43.017,84,25.063,74.735,91.131,1,0.2002
22.9137,0.0632,16,TESTTWO,481,16,371,483,372,0,0,71.696,43.017,84,25.063,74.735,91.131,1,0.2002
22.9772,0.0672,15,TESTTWO,492,15,376,483,372,0,0,71.696,43.017,84,25.063,74.735,91.131,1,0.2002
23.0454,0.0654,15,TESTTWO,496,15,378,483,372,0,0,71.696,43.017,84,25.063,74.735,91.131,1,0.2002
23.1133,0.0676,15,TESTTWO,496,15,379,483,372,0,0,71.696,43.017,84,25.063,74.735,91.131,1,0.2002
23.1772,0.0665,15,TESTTWO,496,15,378,483,372,0,0,71.696,43.017,84,25.063,74.735,91.131,1,0.2002
23.2457,0.066,15,TESTTWO,496,15,378,483,372,0,0,71.696,43.017,84,25.063,74.735,91.131,1,0.2002
23.31,0.069,15,TESTTWO,496,15,378,483,372,0,0,71.696,43.017,84,25.063,74.735,91.131,1,0.2002
23.3772,0.0621,16,TESTTWO,496,16,379,483,372,0,0,71.696,43.017,84,25.063,74.735,91.131,1,0.2002
23.4454,0.0689,15,TESTTWO,496,15,378,483,372,0,0,71.696,43.017,84,25.063,74.735,91.131,1,0.2002
23.5098,0.0674,15,TESTTWO,496,15,378,483,372,0,0,71.696,43.017,84,25.063,74.735,91.131,1,0.2002
23.5772,0.0635,16,TESTTWO,495,16,379,483,372,0,0,71.696,43.017,84,25.063,74.735,91.131,1,0.2002
23.6413,0.0691,14,TESTTWO,496,14,378,483,372,0,0,71.696,43.017,84,25.063,74.735,91.131,1,0.2002
23.7099,0.0633,16,TESTTWO,496,16,379,483,372,0,0,71.696,43.017,84,25.063,74.735,91.131,1,0.2002
23.7732,0.0676,15,TESTTWO,496,15,378,483,372,0,0,71.696,43.017,84,25.063,74.735,91.131,1,0.2002
23.8421,0.0651,15,IDLE,497,15,378,483,372,0,0,71.696,43.017,84,25.063,74.735,91.131,1,0.0
24.3765,0.1,10,TESTTWO,436,10,376,489,380,42.001,4.001,-50.0,0,50,42.191,81.093,91.513,0,0.0
24.4428,0.0705,14,TESTTWO,435,14,377,483,376,29.283,-13.478,-85.081,-56.721,102,32.236,80.189,91.097,0,0.0
24.5086,0.0661,15,TESTTWO,435,15,377,477,374,22.023,-9.658,-90.807,-30.269,96,24.048,79.509,90.799,0,0.0661
24.5765,0.064,16,TESTTWO,439,16,377,471,371,11.362,-16.318,-93.813,-46.906,105,19.884,79.159,90.296,0,0.13
24.6431,0.07,14,TESTTWO,449,14,377,466,368,1.289,-18.426,-71.417,-42.85,83,18.471,79.119,89.727,0,0.2
24.7093,0.0659,15,TESTTWO,455,15,377,460,365,-15.017,-22.008,-90.989,-45.495,102,26.643,79.582,89.048,0,0.0
24.7714,0.0649,15,TESTTWO,455,15,377,454,362,-21.342,-25.171,-92.469,-46.235,103,33.001,80.241,88.271,0,0.0
24.8399,0.0639,16,TESTTWO,455,16,377,449,359,-23.213,-28.328,-78.246,-46.948,91,36.624,80.957,87.396,0,0.0
24.9081,0.0681,15,TESTTWO,455,15,375,444,355,-27.158,-32.926,-73.449,-58.759,94,42.681,81.796,86.38,0,0.0
24.9726,0.067,15,TESTTWO,455,15,363,439,352,-32.419,-20.851,-74.634,-44.781,87,38.545,82.796,85.737,0,0.0
25.0417,0.0663,15,TESTTWO,455,15,353,434,349,-37.578,-13.947,-75.36,-45.216,88,40.083,83.956,85.306,0,0.0
25.1041,0.0682,15,TESTTWO,452,15,346,427,344,-47.564,-18.117,-102.566,-73.262,126,50.897,85.424,84.747,0,0.0
25.1712,0.061,16,TESTTWO,436,16,341,422,340,-32.022,-15.417,-81.923,-65.538,105,35.54,86.412,84.271,0,0.0
25.2394,0.069,14,TESTTWO,420,14,337,417,336,-18.947,-13.757,-72.491,-57.993,93,23.415,86.997,83.847,0,0.069
25.3043,0.0676,15,TESTTWO,412,15,331,411,331,-20.53,-16.275,-88.777,-73.98,116,26.198,87.631,83.344,0,0.0
25.3719,0.0637,16,TESTTWO,411,16,328,406,328,-22.26,-10.355,-78.458,-47.075,91,24.551,88.318,83.025,0,0.0637
25.4358,0.0694,14,TESTTWO,402,14,325,401,324,-16.838,-13.67,-71.996,-57.597,92,21.689,88.837,82.603,0,0.1332
25.5056,0.0632,16,TESTTWO,391,16,325,396,319,-12.401,-23.401,-79.099,-79.099,112,26.483,89.22,81.881,0,0.0
25.572,0.0698,14,TESTTWO,388,14,320,391,315,-12.756,-17.605,-71.624,-57.299,92,21.74,89.614,81.337,0,0.0698
25.6376,0.0672,15,TESTTWO,384,15,311,385,310,-18.63,-17.359,-89.234,-74.362,116,25.464,90.189,80.801,0,0.0
25.7034,0.0646,15,TESTTWO,380,15,305,379,306,-21.444,-12.629,-92.934,-61.956,112,24.887,90.851,80.412,0,0.0646
25.7678,0.0648,15,TESTTWO,374,15,301,373,300,-21.378,-21.378,-92.633,-92.633,131,30.234,91.511,79.752,0,0.0
25.8374,0.0663,15,TESTTWO,369,15,298,367,295,-21.901,-19.584,-90.463,-75.385,118,29.38,92.187,79.147,0,0.0
25.9016,0.0688,15,TESTTWO,365,15,293,362,290,-18.999,-18.999,-72.726,-72.726,103,26.868,92.773,78.561,0,0.0
25.9654,0.0629,16,TESTTWO,359,16,286,355,284,-28.466,-22.971,-111.215,-95.327,146,36.579,93.652,77.852,0,0.0
26.0336,0.0656,15,TESTTWO,356,15,284,349,277,-27.131,-30.486,-91.509,-106.761,141,40.811,94.489,76.911,0,0.0
26.0976,0.0676,15,TESTTWO,356,15,284,343,271,-32.519,-32.519,-88.726,-88.726,125,45.989,95.493,75.907,0,0.0
26.1654,0.0627,16,TESTTWO,348,16,274,337,265,-32.044,-30.044,-95.658,-95.658,135,43.925,96.482,74.98,0,0.0
26.2295,0.0697,14,TESTTWO,339,14,265,330,257,-31.089,-33.245,-100.409,-114.753,152,45.516,97.441,73.954,0,0.0
26.2977,0.0632,16,TESTTWO,333,16,255,323,250,-34.37,-29.37,-110.776,-110.776,157,45.209,98.502,73.048,0,0.0
26.3653,0.0672,15,TESTTWO,327,15,248,316,242,-33.919,-32.193,-104.182,-119.065,158,46.764,99.549,72.054,0,0.0
26.4298,0.0694,14,TESTTWO,318,14,244,309,234,-31.178,-35.347,-100.815,-115.218,153,47.133,100.511,70.963,0,0.0
26.4975,0.0639,16,TESTTWO,308,16,242,303,226,-25.649,-43.533,-93.866,-125.154,156,50.527,101.303,69.619,0,0.0
26.5614,0.0664,15,TESTTWO,300,15,233,297,219,-22.883,-37.197,-90.382,-105.445,139,43.672,102.009,68.471,0,0.0
26.6295,0.0658,15,TESTTWO,291,15,218,290,211,-24.391,-33.733,-106.328,-121.517,161,41.627,102.762,67.43,0,0.0
26.6976,0.0674,15,TESTTWO,284,15,203,284,203,-19.585,-26.113,-89.025,-118.7,148,32.641,103.366,66.624,0,0.0
26.7614,0.0668,15,TESTTWO,284,15,203,278,195,-25.751,-34.335,-89.781,-119.708,150,42.918,104.161,65.565,0,0.0
26.8297,0.0657,15,TESTTWO,278,15,193,273,187,-21.731,-32.771,-76.057,-121.691,144,39.322,104.832,64.553,0,0.0
26.8936,0.0677,15,TESTTWO,265,15,180,267,180,-17.485,-22.733,-88.574,-103.336,136,28.68,105.371,63.851,0,0.0
26.9614,0.0629,16,TESTTWO,261,16,170,262,173,-16.496,-21.495,-79.533,-111.346,137,27.096,105.881,63.188,0,0.0
27.0296,0.0695,14,TESTTWO,257,14,165,258,167,-11.664,-16.996,-57.568,-86.351,104,20.614,106.241,62.663,0,0.0695
27.0937,0.0674,15,TESTTWO,257,15,165,254,159,-16.056,-32.114,-59.352,-118.703,133,35.904,106.736,61.672,0,0.0
27.1614,0.0629,16,TESTTWO,251,16,160,250,153,-14.983,-27.974,-63.561,-95.342,115,31.734,107.199,60.809,0,0.0
27.2255,0.0696,14,TESTTWO,247,14,151,246,146,-13.635,-27.111,-57.435,-100.511,116,30.347,107.619,59.972,0,0.0
27.2936,0.0634,16,TESTTWO,242,16,137,242,139,-13.878,-22.288,-63.087,-110.403,127,26.255,108.048,59.284,0,0.0
27.3614,0.067,15,TESTTWO,242,15,137,238,133,-17.136,-23.705,-59.715,-89.573,108,29.25,108.577,58.553,0,0.0
27.4255,0.0696,14,TESTTWO,237,14,135,234,126,-15.645,-31.129,-57.48,-100.59,116,34.839,109.059,57.592,0,0.0
27.4936,0.0633,16,TESTTWO,237,16,128,230,119,-20.894,-33.315,-63.158,-110.527,127,39.325,109.704,56.564,0,0.0
27.5574,0.0671,15,TESTTWO,230,15,120,227,114,-12.834,-22.391,-44.707,-74.511,87,25.809,110.1,55.872,0,0.0
27.6261,0.0655,15,TESTTWO,222,15,113,224,107,-8.071,-29.5,-45.782,-106.825,116,30.585,110.35,54.962,0,0.0
27.6935,0.0681,15,TESTTWO,222,15,113,222,103,0.001,-22.92,0,-58.732,59,22.92,110.35,54.255,0,0.0681
27.7574,0.0663,15,TESTTWO,222,15,113,221,100,-0.999,-22.952,0,-45.24,45,22.974,110.38,53.546,0,0.1344
27.8255,0.0657,15,TESTTWO,222,15,113,219,96,-9.7,-30.401,-30.46,-60.92,68,31.911,110.68,52.608,0,0.0
27.8897,0.0672,15,TESTTWO,221,15,88,216,91,-14.819,-13.366,-44.638,-74.396,87,19.957,111.137,52.195,0,0.0672
27.9574,0.0636,16,TESTTWO,221,16,88,215,89,-5.999,-5.922,0,-31.47,31,8.43,111.322,52.013,0,0.1308
28.0283,0.0692,14,TESTTWO,216,14,72,214,86,-1.999,4.468,0,-43.331,43,4.895,111.322,52.013,0,0.2
28.0895,0.0702,14,TESTTWO,208,14,72,213,83,5.001,1.603,0,-42.72,43,5.251,111.322,52.013,0,0.2702
28.1573,0.06,17,TESTTWO,208,17,72,211,80,-4.332,-2.998,-33.331,-49.997,60,5.268,111.322,52.013,0,0.3302
28.2217,0.0697,14,TESTTWO,208,14,72,210,79,2.001,7.001,0,0,0,7.281,111.261,52.229,0,0.3999
28.2904,0.0635,16,TESTTWO,208,16,72,209,77,1.001,-1.93,0,-31.504,32,2.174,111.261,52.229,0,0.4634
28.3534,0.0677,15,TESTTWO,208,15,72,208,76,0.001,4.001,0,0,0,4.001,111.261,52.229,0,0.5311
28.4216,0.0649,15,TESTTWO,208,15,72,208,75,0.001,3.001,0,0,0,3.001,111.261,52.229,0,0.596
28.4895,0.0675,15,TESTTWO,208,15,72,208,75,0.001,3.001,0,0,0,3.001,111.261,52.229,0,0.6635
28.5534,0.0666,15,TESTTWO,208,15,72,208,75,0.001,3.001,0,0,0,3.001,111.261,52.229,0,0.7301
28.6217,0.0658,15,TESTTWO,208,15,72,208,75,0.001,3.001,0,0,0,3.001,111.261,52.229,0,0.7959
28.6856,0.0677,15,TESTTWO,208,15,72,209,76,1.001,4.001,0,0,0,4.124,111.261,52.229,0,0.8636
28.7534,0.063,16,TESTTWO,208,16,72,210,78,2.001,12.985,0,31.744,32,13.138,111.199,52.629,0,0.9266
28.8218,0.0694,14,TESTTWO,208,14,72,212,82,4.001,22.679,0,57.626,58,23.029,111.075,53.329,0,0.996
28.8861,0.0676,15,TESTTWO,208,15,72,214,88,6.001,35.529,0,88.764,89,36.032,110.89,54.426,0,0.0
28.9534,0.0632,16,TESTTWO,208,16,72,218,95,23.932,47.38,63.323,110.815,128,53.081,110.151,55.888,0,0.0
29.0179,0.0686,15,TESTTWO,209,15,78,222,102,25.824,46.442,58.287,102.003,117,53.139,109.354,57.322,0,0.0
29.0858,0.0643,16,TESTTWO,209,16,83,225,109,26.26,49.939,46.632,108.809,118,56.422,108.544,58.863,0,0.0
29.1534,0.0667,15,TESTTWO,209,15,83,230,118,37.489,64.679,74.944,134.9,154,74.758,107.387,60.859,0,0.0
29.2176,0.0695,14,TESTTWO,216,14,113,235,127,34.828,42.489,71.939,129.491,148,54.939,106.312,62.171,0,0.0
29.2856,0.0635,16,TESTTWO,226,16,124,239,134,26.856,34.248,62.979,110.213,127,43.522,105.483,63.228,0,0.0
29.3495,0.067,15,TESTTWO,236,15,139,243,142,20.137,29.273,59.71,119.419,134,35.531,104.862,64.131,0,0.0
29.4182,0.0657,15,TESTTWO,242,15,150,248,150,22.748,26.796,76.122,121.795,144,35.149,104.159,64.958,0,0.0
29.4858,0.0679,15,TESTTWO,246,15,158,253,159,23.202,30.162,73.64,132.552,152,38.054,103.443,65.889,0,0.0
29.5495,0.0664,15,TESTTWO,253,15,161,259,167,25.872,32.496,90.323,120.431,151,41.537,102.645,66.892,0,0.0
29.6177,0.0656,15,TESTTWO,258,15,164,264,175,22.77,37.831,76.222,121.956,144,44.155,101.942,68.06,0,0.0
29.6822,0.0676,15,TESTTWO,265,15,171,269,182,20.282,33.794,74.004,103.605,127,39.413,101.316,69.103,0,0.0
29.7497,0.0633,16,TESTTWO,275,16,182,276,191,25.326,40.277,110.57,142.161,180,47.578,100.534,70.346,0,0.0
29.8176,0.0694,14,TESTTWO,279,14,194,286,203,38.713,47.055,144.146,172.975,225,60.934,99.34,71.798,0,0.0
29.882,0.0671,15,TESTTWO,281,15,203,293,212,34.945,38.501,104.292,134.089,170,51.995,98.261,72.986,0,0.0
29.9494,0.0632,16,TESTTWO,289,16,207,297,217,21.927,27.408,63.299,79.124,101,35.1,97.584,73.832,0,0.0
30.0138,0.0694,14,TESTTWO,299,14,216,302,223,18.861,26.033,72.09,86.508,113,32.147,97.002,74.636,0,0.0
30.0815,0.0626,16,TESTTWO,308,16,229,310,232,30.118,34.633,127.805,143.781,192,45.897,96.073,75.705,0,0.0
30.1497,0.0686,15,TESTTWO,311,15,239,316,239,24.253,22.462,87.511,102.096,134,33.057,95.324,76.398,0,0.0
30.2138,0.0685,15,TESTTWO,315,15,247,321,245,22.071,17.285,73.046,87.655,114,28.034,94.643,76.932,0,0.0
30.2815,0.0628,16,TESTTWO,323,16,250,328,253,29.517,31.02,111.438,127.358,169,42.819,93.732,77.889,0,0.0
30.3459,0.0698,14,TESTTWO,333,14,258,337,261,32.368,28.216,128.942,114.615,173,42.94,92.733,78.76,0,0.0
30.4139,0.0635,16,TESTTWO,343,16,263,344,268,25.249,29.249,110.216,110.216,156,38.639,91.953,79.663,0,0.0
30.4815,0.0669,15,TESTTWO,348,15,269,350,275,21.734,29.022,89.694,104.643,138,36.258,91.283,80.558,0,0.0
30.5458,0.0693,14,TESTTWO,352,14,274,357,281,27.211,26.038,100.956,86.534,133,37.662,90.443,81.362,0,0.0
30.6138,0.0637,16,TESTTWO,356,16,289,362,286,23.273,14.273,78.507,78.507,111,27.301,89.724,81.802,0,0.0
30.6776,0.0667,15,TESTTWO,359,15,294,367,290,24.483,9.186,74.917,59.933,96,26.149,88.969,82.086,0,0.0
30.7458,0.0659,15,TESTTWO,366,15,296,372,295,22.695,15.695,75.883,75.883,107,27.594,88.268,82.57,0,0.0
30.8099,0.0675,15,TESTTWO,375,15,301,378,300,22.551,15.293,88.865,74.054,116,27.248,87.572,83.042,0,0.0
30.8806,0.0628,16,TESTTWO,382,16,303,384,306,23.018,24.018,95.533,95.533,135,33.267,86.862,83.784,0,0.0
30.9496,0.0728,14,TESTTWO,385,14,303,392,312,31.177,27.133,109.889,82.417,137,41.33,85.9,84.621,0,0.0
31.0121,0.0682,15,TESTTWO,391,15,306,399,316,30.569,22.897,102.581,58.618,118,38.193,84.956,85.328,0,0.0
31.0794,0.0613,16,TESTTWO,399,16,315,405,321,27.548,23.957,97.94,81.617,127,36.508,84.106,86.067,0,0.0
31.145,0.0693,14,TESTTWO,409,14,321,412,326,25.219,20.871,100.992,72.137,124,32.735,83.328,86.711,0,0.0
31.2122,0.0646,15,TESTTWO,418,15,333,417,331,16.025,15.025,77.38,77.38,109,21.967,82.833,87.175,0,0.0646
31.2794,0.0664,15,TESTTWO,423,15,338,422,334,15.56,5.937,75.27,45.162,88,16.654,82.353,87.358,0,0.131
31.3446,0.0688,15,TESTTWO,426,15,338,427,339,16.979,16.979,72.629,72.629,103,24.013,81.829,87.882,0,0.1999
31.4129,0.0643,16,TESTTWO,428,16,338,432,343,21.098,18.679,77.715,62.172,100,28.179,81.177,88.459,0,0.0
31.5448,0.0674,15,TESTTWO,439,15,345,440,349,27.11,23.583,118.679,89.009,148,35.932,80.341,89.187,0,0.0
31.6141,0.1,10,TESTTWO,439,10,354,445,351,17.001,-2.999,50.0,0,50,17.263,79.816,89.094,0,0.1
31.6758,0.0685,15,TESTTWO,445,15,363,447,353,2.001,-9.999,0,0,0,10.197,79.754,88.786,0,0.1685
31.7443,0.0606,17,TESTTWO,453,17,363,448,354,-4.999,-8.999,0,0,0,10.294,79.909,88.508,0,0.2291
31.8106,0.0702,14,TESTTWO,454,14,364,449,354,-4.999,-9.999,0,0,0,11.179,80.063,88.199,0,0.2992
31.8756,0.0657,15,TESTTWO,454,15,364,448,354,-5.999,-9.999,0,0,0,11.661,80.248,87.891,0,0.3649
31.9418,0.0637,16,TESTTWO,455,16,364,448,354,-6.999,-9.999,0,0,0,12.205,80.464,87.582,0,0.4286
32.0057,0.0682,15,TESTTWO,454,15,364,445,353,-18.672,-10.999,-43.967,0,44,21.671,81.04,87.243,0,0.4968
32.0739,0.063,16,TESTTWO,454,16,364,442,352,-22.471,-11.999,-47.601,0,48,25.474,81.734,86.872,0,0.0
32.1376,0.0672,15,TESTTWO,454,15,364,440,352,-13.999,-11.999,0,0,0,18.438,82.166,86.502,0,0.0672
32.2058,0.0654,15,TESTTWO,454,15,362,436,350,-31.463,-18.731,-61.2,-30.6,68,36.617,83.137,85.924,0,0.0
32.2737,0.0676,15,TESTTWO,450,15,351,430,346,-39.533,-18.022,-88.792,-59.195,107,43.447,84.357,85.368,0,0.0
32.3377,0.0666,15,TESTTWO,436,15,343,424,341,-31.804,-18.503,-90.023,-75.019,117,36.795,85.339,84.796,0,0.0
32.406,0.066,15,TESTTWO,425,15,342,416,336,-35.667,-22.666,-121.217,-75.761,143,42.26,86.44,84.097,0,0.0
32.4701,0.0675,15,TESTTWO,418,15,337,408,329,-36.085,-30.824,-118.57,-103.749,158,47.457,87.553,83.146,0,0.0
32.5376,0.0629,16,TESTTWO,409,16,335,400,322,-36.966,-37.471,-127.125,-111.234,169,52.636,88.694,81.989,0,0.0
32.6059,0.0693,14,TESTTWO,402,14,328,391,315,-39.576,-35.225,-129.894,-101.029,165,52.982,89.916,80.902,0,0.0
32.6698,0.0678,15,TESTTWO,389,15,315,381,307,-40.459,-33.967,-147.546,-118.037,189,52.827,91.164,79.853,0,0.0
32.7376,0.0628,16,TESTTWO,381,16,303,372,299,-40.532,-32.028,-143.331,-127.405,192,51.659,92.415,78.865,0,0.0
32.8017,0.0697,14,TESTTWO,372,14,292,363,291,-37.424,-26.266,-129.206,-114.85,173,45.722,93.571,78.054,0,0.0
32.8699,0.0633,16,TESTTWO,360,16,284,354,283,-37.294,-28.817,-142.252,-126.446,190,47.131,94.722,77.165,0,0.0
32.9337,0.0671,15,TESTTWO,353,15,283,345,274,-37.497,-38.497,-134.08,-134.08,190,53.74,95.879,75.977,0,0.0
33.0019,0.0657,15,TESTTWO,348,15,278,336,265,-42.118,-43.118,-136.905,-136.905,194,60.275,97.179,74.646,0,0.0
33.0698,0.0674,15,TESTTWO,338,15,267,329,257,-31.841,-36.104,-103.825,-118.657,158,48.138,98.162,73.532,0,0.0
33.1337,0.0668,15,TESTTWO,329,15,255,320,247,-38.66,-40.956,-134.823,-149.803,202,56.32,99.355,72.267,0,0.0
33.2018,0.0657,15,TESTTWO,317,15,247,313,238,-27.422,-39.114,-106.469,-136.889,173,47.769,100.201,71.06,0,0.0
33.2661,0.0673,15,TESTTWO,306,15,239,306,230,-22.885,-35.154,-104.025,-118.886,158,41.946,100.907,69.975,0,0.0
33.3336,0.0633,16,TESTTWO,303,16,233,298,222,-32.793,-38.793,-126.337,-126.337,179,50.797,101.92,68.778,0,0.0
33.4018,0.0692,14,TESTTWO,303,14,223,291,212,-34.263,-42.805,-101.199,-144.571,176,54.829,102.977,67.457,0,0.0
33.466,0.0675,15,TESTTWO,295,15,208,285,204,-29.543,-30.058,-88.838,-118.451,148,42.146,103.889,66.529,0,0.0
33.5336,0.0629,16,TESTTWO,285,16,196,278,194,-31.476,-36.966,-111.26,-158.943,194,48.552,104.86,65.388,0,0.0
33.5978,0.0697,14,TESTTWO,274,14,189,271,186,-25.097,-28.254,-100.447,-114.796,153,37.791,105.635,64.516,0,0.0
33.6659,0.0633,16,TESTTWO,266,16,181,265,178,-21.864,-30.819,-94.839,-126.453,158,37.786,106.31,63.565,0,0.0
33.7336,0.0673,15,TESTTWO,259,15,171,261,171,-11.082,-22.894,-59.468,-104.069,120,25.435,106.652,62.858,0,0.0
33.7978,0.0693,14,TESTTWO,252,14,163,256,164,-11.863,-21.209,-72.11,-100.954,124,24.301,107.018,62.204,0,0.0693
33.8658,0.0635,16,TESTTWO,251,16,158,252,157,-12.867,-25.267,-63.035,-110.31,127,28.355,107.415,61.424,0,0.0
33.9297,0.0668,15,TESTTWO,246,15,157,248,151,-11.179,-25.769,-59.909,-89.863,108,28.089,107.76,60.629,0,0.0
33.9979,0.066,15,TESTTWO,238,15,149,244,145,-7.332,-23.999,-60.606,-90.909,109,25.094,107.986,59.888,0,0.066
34.0659,0.0674,15,TESTTWO,237,15,139,241,139,-5.793,-19.586,-44.517,-89.033,100,20.425,108.165,59.283,0,0.1334
34.1296,0.0669,15,TESTTWO,237,15,133,239,135,2.001,-11.147,0,-59.762,60,11.325,108.103,58.939,0,0.2003
34.1979,0.0655,15,TESTTWO,233,15,130,237,132,-2.713,-8.071,-30.52,-45.781,55,8.515,108.187,58.69,0,0.2659
34.2619,0.0675,15,TESTTWO,230,15,127,235,128,5.001,-12.041,0,-59.283,59,13.038,108.033,58.319,0,0.3333
34.3297,0.0629,16,TESTTWO,230,16,127,234,126,4.001,-7.995,0,-31.801,32,8.94,107.909,58.072,0,0.3962
34.4021,0.0698,14,TESTTWO,230,14,127,233,124,3.001,-2.999,0,0,0,4.243,107.909,58.072,0,0.466
34.4622,0.0717,14,TESTTWO,230,14,127,233,124,3.001,-2.999,0,0,0,4.243,107.909,58.072,0,0.5376
34.5296,0.0589,17,TESTTWO,230,17,127,233,124,3.001,-2.999,0,0,0,4.243,107.909,58.072,0,0.5966
34.5938,0.0691,14,TESTTWO,230,14,127,233,124,3.001,-2.999,0,0,0,4.243,107.909,58.072,0,0.6657
34.662,0.0634,16,TESTTWO,230,16,127,233,123,3.001,-3.999,0,0,0,5.0,107.909,58.072,0,0.7291
34.7297,0.0672,15,TESTTWO,230,15,127,233,123,3.001,-3.999,0,0,0,5.0,107.909,58.072,0,0.7963
34.7937,0.0697,14,TESTTWO,230,14,127,233,123,3.001,-3.999,0,0,0,5.0,107.909,58.072,0,0.866
34.8618,0.0633,16,TESTTWO,230,16,127,234,124,4.001,-2.999,0,0,0,5.0,107.909,58.072,0,0.9293
34.9258,0.0671,15,TESTTWO,230,15,127,236,127,6.001,9.842,0,44.732,45,11.527,107.724,58.376,0,0.9963
34.9938,0.0657,15,TESTTWO,230,15,127,239,131,19.051,17.401,45.682,60.91,76,25.802,107.136,58.913,0,0.0
35.058,0.0673,15,TESTTWO,230,15,127,241,135,11.001,21.073,0,59.417,59,23.771,106.797,59.563,0,0.0673
35.1258,0.063,16,TESTTWO,231,16,127,243,140,18.981,30.45,31.726,79.316,85,35.882,106.211,60.503,0,0.0
35.1938,0.0697,14,TESTTWO,231,14,127,249,150,36.945,54.574,86.109,143.516,167,65.904,105.071,62.187,0,0.0
35.258,0.0673,15,TESTTWO,237,15,128,256,160,41.883,64.689,104.008,148.583,181,77.064,103.778,64.184,0,0.0
35.3257,0.063,16,TESTTWO,242,16,136,261,168,36.459,59.933,79.353,126.964,150,70.151,102.653,66.034,0,0.0
35.3899,0.0695,14,TESTTWO,249,14,149,267,176,36.994,52.325,86.331,115.108,144,64.081,101.511,67.649,0,0.0
35.4582,0.0634,16,TESTTWO,264,16,165,274,187,34.287,60.165,110.392,173.472,206,69.249,100.453,69.506,0,0.0
35.5257,0.0672,15,TESTTWO,274,15,179,283,197,38.448,50.72,133.849,148.721,200,63.645,99.266,71.071,0,0.0
35.59,0.0695,14,TESTTWO,283,14,192,290,207,29.159,46.656,100.719,143.885,176,55.018,98.366,72.511,0,0.0
35.658,0.0635,16,TESTTWO,292,16,207,298,216,33.704,40.166,125.921,141.661,190,52.434,97.326,73.751,0,0.0
35.7217,0.0668,15,TESTTWO,302,15,220,308,228,38.941,47.529,149.727,179.673,234,61.444,96.124,75.218,0,0.0
35.7899,0.0655,15,TESTTWO,310,15,233,321,242,54.639,55.996,198.355,213.613,292,78.237,94.437,76.946,0,0.0
35.8579,0.0675,15,TESTTWO,316,15,246,332,253,51.839,42.839,162.899,162.899,230,67.249,92.837,78.268,0,0.0
35.922,0.0668,15,TESTTWO,327,15,256,340,261,39.334,31.334,119.697,119.697,169,50.29,91.623,79.235,0,0.0
35.9898,0.066,15,TESTTWO,344,15,265,347,269,26.337,30.671,106.073,121.227,161,40.427,90.811,80.182,0,0.0
36.0547,0.0672,15,TESTTWO,354,15,275,356,277,31.445,28.174,133.837,118.967,179,42.22,89.84,81.051,0,0.0
36.122,0.0635,16,TESTTWO,361,16,287,366,286,39.649,30.184,157.49,141.741,212,49.831,88.616,81.983,0,0.0
36.1903,0.0689,15,TESTTWO,367,15,293,375,294,36.724,26.533,130.559,116.052,175,45.306,87.483,82.802,0,0.0
36.2542,0.0679,15,TESTTWO,377,15,296,382,301,27.678,27.678,103.076,103.076,146,39.142,86.629,83.656,0,0.0
36.386,0.0629,16,TESTTWO,390,16,304,400,316,72.962,64.468,286.186,238.488,373,97.363,84.377,85.646,0,0.0
36.4542,0.1,10,TESTTWO,397,10,312,409,322,31.801,23.201,90.0,60.0,108,39.365,83.395,86.362,0,0.0
36.5224,0.0673,15,TESTTWO,408,15,321,414,327,22.352,22.352,74.325,74.325,105,31.611,82.705,87.052,0,0.0
36.586,0.0671,15,TESTTWO,421,15,335,419,331,14.383,9.107,74.464,59.571,95,17.024,82.261,87.333,0,0.0671
36.6543,0.0653,15,TESTTWO,428,15,339,427,337,25.96,18.22,122.54,91.905,153,31.716,81.46,87.895,0,0.0
36.7183,0.0677,15,TESTTWO,429,15,339,436,343,36.231,23.488,132.865,88.577,160,43.179,80.342,88.62,0,0.0
36.786,0.0628,16,TESTTWO,435,16,339,441,347,23.517,22.014,79.618,63.694,102,32.213,79.616,89.3,0,0.0
36.8542,0.0697,14,TESTTWO,444,14,347,445,350,13.619,12.464,57.353,43.015,72,18.461,79.196,89.684,0,0.0697
36.9217,0.0673,15,TESTTWO,454,15,361,449,353,8.076,1.807,59.431,44.573,74,8.276,78.946,89.74,0,0.137
36.9894,0.0668,15,TESTTWO,455,15,367,451,354,-3.999,-12.999,0,0,0,13.6,79.07,89.339,0,0.2039
37.0556,0.0694,14,TESTTWO,461,14,367,451,354,-9.999,-12.999,0,0,0,16.4,79.378,88.938,0,0.2732
37.1207,0.0657,15,TESTTWO,464,15,367,451,354,-12.999,-12.999,0,0,0,18.383,79.78,88.536,0,0.3389
37.1894,0.0636,16,TESTTWO,464,16,367,452,355,-11.999,-11.999,0,0,0,16.969,80.15,88.166,0,0.4025
37.254,0.0709,14,TESTTWO,464,14,367,451,354,-12.999,-12.999,0,0,0,18.383,80.551,87.765,0,0.4734
37.3214,0.0642,16,TESTTWO,465,16,367,451,354,-13.999,-12.999,0,0,0,19.104,80.983,87.364,0,0.5375
37.3846,0.066,15,TESTTWO,465,15,367,450,354,-14.999,-12.999,0,0,0,19.848,81.446,86.963,0,0.6035
37.4545,0.0643,16,TESTTWO,465,16,367,449,354,-15.999,-12.999,0,0,0,20.614,81.94,86.561,0,0.6678
37.5143,0.0698,14,TESTTWO,460,14,364,448,354,-11.999,-9.999,0,0,0,15.619,82.31,86.253,0,0.7376
37.5823,0.0584,17,TESTTWO,446,17,351,449,354,3.001,3.001,0,0,0,4.244,82.31,86.253,0,0.796
37.6505,0.07,14,TESTTWO,438,14,348,447,354,9.001,6.001,0,0,0,10.818,82.033,86.438,0,0.8661
37.7148,0.0674,15,TESTTWO,437,15,348,447,353,10.001,5.001,0,0,0,11.182,81.724,86.592,0,0.9334
37.782,0.0635,16,TESTTWO,437,16,348,445,353,1.077,5.001,-31.473,0,31,5.116,81.724,86.592,0,0.997
37.8467,0.0681,15,TESTTWO,437,15,348,441,352,-8.921,4.001,-58.735,0,59,9.777,81.999,86.716,0,1.0651
37.9145,0.0649,15,TESTTWO,437,15,348,437,350,-13.55,-4.774,-61.595,-30.797,69,14.366,82.417,86.568,0,1.13
37.9822,0.0661,15,TESTTWO,437,15,348,431,346,-25.968,-15.312,-90.768,-60.512,109,30.146,83.219,86.096,0,0.0
38.0465,0.0699,14,TESTTWO,437,14,348,424,341,-35.04,-22.743,-100.188,-71.563,123,41.774,84.3,85.394,0,0.0
38.1145,0.0632,16,TESTTWO,437,16,348,416,335,-48.838,-33.878,-126.54,-94.905,158,59.438,85.808,84.348,0,0.0
38.1781,0.0673,15,TESTTWO,427,15,344,406,328,-53.705,-38.893,-148.665,-104.066,181,66.31,87.465,83.148,0,0.0
38.2465,0.0652,15,TESTTWO,415,15,336,397,320,-48.356,-42.983,-137.986,-122.654,185,64.698,88.958,81.821,0,0.0
38.3149,0.0678,15,TESTTWO,402,15,325,387,313,-47.455,-34.718,-147.526,-103.268,180,58.799,90.422,80.75,0,0.0
38.3783,0.0673,15,TESTTWO,388,15,311,378,305,-39.416,-32.148,-133.715,-118.858,179,50.864,91.639,79.757,0,0.0
38.4466,0.0652,15,TESTTWO,376,15,301,370,298,-32.978,-26.606,-122.633,-107.304,163,42.373,92.657,78.936,0,0.0
38.5106,0.0675,15,TESTTWO,365,15,292,363,292,-24.823,-19.563,-103.747,-88.926,137,31.605,93.423,78.332,0,0.0
38.5781,0.0629,16,TESTTWO,357,16,284,357,286,-21.0,-19.0,-95.461,-95.461,135,28.32,94.071,77.746,0,0.0
38.6467,0.0692,14,TESTTWO,356,14,282,351,281,-24.082,-16.902,-86.742,-72.285,113,29.421,94.814,77.224,0,0.0
38.7107,0.068,15,TESTTWO,348,15,278,346,276,-18.177,-18.177,-73.538,-73.538,104,25.707,95.375,76.663,0,0.0
38.7781,0.0631,16,TESTTWO,340,16,276,344,274,-2.969,-8.969,-31.681,-31.681,45,9.448,95.467,76.387,0,0.0631
38.8425,0.0692,14,TESTTWO,340,14,273,344,273,4.001,0.001,0,0,0,4.001,95.467,76.387,0,0.1324
38.9101,0.0673,15,TESTTWO,341,15,270,344,272,3.001,2.001,0,0,0,3.607,95.467,76.387,0,0.1996
38.9779,0.0626,16,TESTTWO,341,16,270,343,272,2.001,2.001,0,0,0,2.83,95.467,76.387,0,0.2622
39.042,0.0692,14,TESTTWO,340,14,270,343,272,3.001,2.001,0,0,0,3.607,95.467,76.387,0,0.3314
39.1102,0.0638,16,TESTTWO,340,16,270,343,272,3.001,2.001,0,0,0,3.607,95.467,76.387,0,0.3952
39.1739,0.0671,15,TESTTWO,341,15,271,343,272,2.001,1.001,0,0,0,2.237,95.467,76.387,0,0.4623
39.242,0.0653,15,TESTTWO,340,15,270,342,271,2.001,1.001,0,0,0,2.237,95.467,76.387,0,0.5275
39.3102,0.0677,15,TESTTWO,340,15,270,339,268,-10.743,-11.743,-44.29,-44.29,63,15.915,95.799,76.024,0,0.5953
39.3739,0.0671,15,TESTTWO,340,15,270,335,263,-18.113,-23.392,-59.611,-74.514,95,29.585,96.358,75.302,0,0.0
39.442,0.065,15,TESTTWO,341,15,270,329,258,-32.302,-28.918,-92.286,-76.905,120,43.355,97.355,74.41,0,0.0
39.5061,0.0677,15,TESTTWO,333,15,265,323,252,-29.486,-32.486,-88.579,-88.579,125,43.873,98.265,73.407,0,0.0
39.574,0.0634,16,TESTTWO,323,16,255,317,245,-26.806,-34.274,-94.577,-110.34,145,43.512,99.092,72.349,0,0.0
39.6382,0.0692,14,TESTTWO,311,14,249,311,238,-19.087,-33.268,-86.764,-101.224,133,38.355,99.681,71.322,0,0.0
39.7062,0.0637,16,TESTTWO,303,16,241,305,231,-18.706,-34.157,-94.121,-109.807,145,38.943,100.259,70.268,0,0.0
39.7739,0.0671,15,TESTTWO,303,15,241,299,223,-23.671,-44.229,-89.42,-119.227,149,50.165,100.989,68.903,0,0.0
39.8381,0.0688,15,TESTTWO,300,15,224,293,214,-26.177,-38.765,-87.171,-130.757,157,46.776,101.797,67.707,0,0.0
39.9062,0.064,16,TESTTWO,300,16,210,285,205,-42.515,-35.955,-125.073,-140.707,188,55.68,103.109,66.597,0,0.0
39.97,0.0668,15,TESTTWO,295,15,197,279,197,-35.749,-26.332,-89.771,-119.694,150,44.4,104.213,65.784,0,0.0
40.038,0.0659,15,TESTTWO,281,15,188,273,190,-28.037,-21.377,-91.082,-106.262,140,35.257,105.078,65.124,0,0.0
40.1061,0.0673,15,TESTTWO,266,15,178,268,182,-14.351,-22.163,-74.329,-118.926,140,26.403,105.521,64.44,0,0.0
40.17,0.067,15,TESTTWO,257,15,176,264,177,-6.129,-15.412,-59.684,-74.604,96,16.586,105.71,63.965,0,0.067
40.2381,0.0655,15,TESTTWO,255,15,173,260,172,-8.433,-17.792,-61.065,-76.332,98,19.689,105.97,63.416,0,0.1325
40.3027,0.0675,15,TESTTWO,255,15,169,258,168,3.001,-14.028,0,-59.223,59,14.345,105.878,62.983,0,0.2001
40.37,0.0635,16,TESTTWO,254,16,163,256,165,-4.933,-8.4,-31.519,-47.279,57,9.742,106.03,62.723,0,0.2635
40.438,0.0691,14,TESTTWO,254,14,162,255,163,1.001,1.001,0,0,0,1.416,106.03,62.723,0,0.3327
40.5021,0.0673,15,TESTTWO,252,15,162,253,161,1.001,-0.999,0,0,0,1.414,106.03,62.723,0,0.4
40.5699,0.0634,16,TESTTWO,251,16,162,253,161,2.001,-0.999,0,0,0,2.237,106.03,62.723,0,0.4634
40.6344,0.0686,15,TESTTWO,251,15,162,253,160,2.001,-1.999,0,0,0,2.828,106.03,62.723,0,0.532
40.7021,0.0642,16,TESTTWO,251,16,162,253,160,2.001,-1.999,0,0,0,2.828,106.03,62.723,0,0.5962
40.77,0.0668,15,TESTTWO,251,15,162,253,160,2.001,-1.999,0,0,0,2.828,106.03,62.723,0,0.6629
40.8343,0.0695,14,TESTTWO,251,14,162,252,159,1.001,-2.999,0,0,0,3.162,106.03,62.723,0,0.7324
40.9028,0.0637,16,TESTTWO,251,16,162,252,159,1.001,-2.999,0,0,0,3.162,106.03,62.723,0,0.7961
40.9665,0.0675,15,TESTTWO,251,15,162,251,157,0.001,-4.999,0,0,0,4.999,106.03,62.723,0,0.8636
41.035,0.0655,15,TESTTWO,251,15,162,249,154,-8.714,-18.071,-30.522,-45.783,55,20.062,106.299,62.166,0,0.9291
41.1021,0.0678,15,TESTTWO,251,15,162,246,151,-14.729,-20.729,-44.226,-44.226,63,25.429,106.754,61.526,0,0.0
41.1661,0.0659,15,TESTTWO,251,15,162,243,146,-18.017,-32.695,-45.535,-75.892,89,37.331,107.31,60.517,0,0.0
41.2345,0.066,15,TESTTWO,250,15,155,240,140,-20.003,-35.007,-45.473,-90.945,102,40.319,107.927,59.436,0,0.0
41.2984,0.0676,15,TESTTWO,245,15,139,237,135,-17.759,-20.266,-44.365,-73.942,86,26.947,108.475,58.811,0,0.0
41.3659,0.0628,16,TESTTWO,245,16,139,234,129,-21.506,-31.014,-47.761,-95.522,107,37.741,109.139,57.853,0,0.0
41.4341,0.0693,14,TESTTWO,235,14,131,232,124,-2.999,-22.87,0,-72.141,72,23.066,109.231,57.148,0,0.0693
41.4981,0.0675,15,TESTTWO,225,15,121,229,120,-5.775,-14.034,-44.436,-59.248,74,15.175,109.41,56.714,0,0.1368
41.566,0.063,16,TESTTWO,225,16,121,227,116,-4.987,-18.974,-31.762,-63.524,71,19.619,109.564,56.129,0,0.1998
41.6302,0.0696,14,TESTTWO,223,14,114,225,112,2.001,-14.64,0,-57.458,57,14.776,109.502,55.677,0,0.2694
41.6985,0.0634,16,TESTTWO,223,16,114,224,110,1.001,-10.938,0,-31.542,32,10.984,109.471,55.339,0,0.3328
41.7659,0.0672,15,TESTTWO,222,15,106,223,109,1.001,3.001,0,0,0,3.164,109.471,55.339,0,0.4
41.8302,0.0692,14,TESTTWO,223,14,102,223,108,0.001,6.001,0,0,0,6.001,109.471,55.339,0,0.4692
41.8982,0.0636,16,TESTTWO,223,16,102,223,108,0.001,6.001,0,0,0,6.001,109.471,55.339,0,0.5329
41.962,0.0667,15,TESTTWO,223,15,102,223,108,0.001,6.001,0,0,0,6.001,109.471,55.339,0,0.5996
42.0303,0.0659,15,TESTTWO,223,15,102,223,108,0.001,6.001,0,0,0,6.001,109.471,55.339,0,0.6655
42.0945,0.0673,15,TESTTWO,223,15,102,222,108,-0.999,6.001,0,0,0,6.084,109.471,55.339,0,0.7328
42.1626,0.0637,16,TESTTWO,223,16,102,222,108,-0.999,6.001,0,0,0,6.084,109.471,55.339,0,0.7965
42.2302,0.0694,14,TESTTWO,223,14,102,222,108,-0.999,6.001,0,0,0,6.084,109.471,55.339,0,0.8659
42.2941,0.067,15,TESTTWO,223,15,102,223,108,0.001,6.001,0,0,0,6.001,109.471,55.339,0,0.9329
42.3621,0.0628,16,TESTTWO,223,16,102,224,109,1.001,7.001,0,0,0,7.072,109.44,55.555,0,0.9956
42.4263,0.07,14,TESTTWO,223,14,101,225,111,2.001,10.001,0,0,0,10.199,109.378,55.864,0,1.0656
42.4973,0.0633,16,TESTTWO,223,16,101,229,117,19.909,36.863,63.218,94.828,114,41.896,108.764,57.002,0,0.0
42.5659,0.0707,14,TESTTWO,223,14,101,233,125,22.456,48.912,56.615,113.231,127,53.821,108.071,58.512,0,0.0
42.631,0.0701,14,TESTTWO,223,14,101,239,135,34.842,65.402,85.639,142.732,166,74.104,106.995,60.53,0,0.0
42.6942,0.0643,16,TESTTWO,222,16,106,246,147,47.935,82.031,108.791,186.5,216,95.01,105.516,63.062,0,0.0
42.7583,0.0618,16,TESTTWO,223,16,129,257,164,73.14,95.489,177.905,274.944,327,120.281,103.258,66.009,0,0.0
42.8265,0.066,15,TESTTWO,235,15,140,269,181,73.984,97.644,181.742,257.467,315,122.507,100.975,69.009,0,0.0
42.8942,0.0674,15,TESTTWO,251,15,154,281,196,69.172,90.964,178.049,222.561,285,114.277,98.84,71.817,0,0.0
42.958,0.0666,15,TESTTWO,279,15,192,293,211,53.663,68.579,180.282,225.353,289,87.079,97.184,73.933,0,0.0
43.0265,0.0656,15,TESTTWO,294,15,208,306,227,55.605,72.668,198.201,243.94,314,91.502,95.468,76.176,0,0.0
43.0907,0.0679,15,TESTTWO,311,15,227,321,243,58.591,67.831,220.865,235.589,323,89.632,93.659,78.27,0,0.0
43.158,0.0629,16,TESTTWO,323,16,249,334,256,56.468,52.468,206.666,206.666,292,77.081,91.916,79.889,0,0.0
43.2263,0.0694,14,TESTTWO,337,14,265,345,268,42.88,41.051,158.543,172.956,235,59.363,90.593,81.156,0,0.0
43.3581,0.0674,15,TESTTWO,360,15,287,372,293,100.104,87.578,400.469,370.805,546,133.007,87.593,83.859,0,0.0
43.4221,0.1,10,TESTTWO,363,10,296,388,307,60.201,41.801,160.0,140.0,213,73.29,85.735,85.149,0,0.0
43.4904,0.0657,15,TESTTWO,377,15,304,402,317,71.875,46.483,213.065,152.19,262,85.596,83.516,86.584,0,0.0
43.5582,0.0677,15,TESTTWO,396,15,318,412,325,48.504,33.003,147.74,118.192,189,58.667,82.019,87.602,0,0.0
43.6221,0.0667,15,TESTTWO,415,15,330,422,333,39.978,29.382,149.894,119.915,192,49.614,80.786,88.509,0,0.0
43.6905,0.0658,15,TESTTWO,431,15,342,431,340,30.071,21.389,136.683,106.309,173,36.902,79.857,89.169,0,0.0
43.7543,0.0676,15,TESTTWO,443,15,349,435,343,5.02,3.765,59.177,44.382,74,6.275,79.857,89.169,0,0.0676
43.8221,0.0626,16,TESTTWO,454,16,354,435,343,-18.999,-10.999,0,0,0,21.953,80.444,88.83,0,0.1302
43.8907,0.0698,14,TESTTWO,458,14,364,437,345,-20.999,-18.999,0,0,0,28.318,81.092,88.244,0,0.0
43.9543,0.0679,15,TESTTWO,457,15,367,438,346,-18.999,-20.999,0,0,0,28.318,81.678,87.596,0,0.0
44.0222,0.0623,16,TESTTWO,457,16,367,436,345,-28.056,-21.999,-32.077,0,32,35.652,82.544,86.917,0,0.0
44.0864,0.0699,14,TESTTWO,457,14,367,436,345,-20.999,-21.999,0,0,0,30.412,83.192,86.238,0,0.0
44.1546,0.0633,16,TESTTWO,451,16,364,438,346,-6.053,-17.999,31.572,0,32,18.99,83.379,85.682,0,0.0633
44.2181,0.0671,15,TESTTWO,434,15,351,436,345,2.001,-5.999,0,0,0,6.324,83.379,85.682,0,0.1305
44.2864,0.0654,15,TESTTWO,428,15,343,435,344,7.001,1.001,0,0,0,7.072,83.163,85.713,0,0.1958
44.3543,0.0676,15,TESTTWO,427,15,342,436,345,9.001,3.001,0,0,0,9.488,82.885,85.806,0,0.2634
44.4182,0.0667,15,TESTTWO,428,15,342,435,345,7.001,3.001,0,0,0,7.617,82.669,85.898,0,0.3301
44.4863,0.066,15,TESTTWO,428,15,342,432,344,-6.004,2.001,-45.477,0,45,6.329,82.669,85.898,0,0.396
44.5504,0.0683,15,TESTTWO,428,15,342,433,344,5.001,2.001,0,0,0,5.386,82.669,85.898,0,0.4643
44.6181,0.0621,16,TESTTWO,428,16,342,432,344,4.001,2.001,0,0,0,4.473,82.669,85.898,0,0.5264
44.6864,0.0695,14,TESTTWO,428,14,342,430,343,2.001,1.001,0,0,0,2.237,82.669,85.898,0,0.5959
44.7506,0.0674,15,TESTTWO,428,15,342,431,344,3.001,2.001,0,0,0,3.607,82.669,85.898,0,0.6633
44.8187,0.0634,16,TESTTWO,428,16,342,430,343,2.001,1.001,0,0,0,2.237,82.669,85.898,0,0.7268
44.8823,0.0699,14,TESTTWO,428,14,342,429,343,1.001,1.001,0,0,0,1.416,82.669,85.898,0,0.7966
44.9506,0.0628,16,TESTTWO,428,16,342,428,343,0.001,1.001,0,0,0,1.001,82.669,85.898,0,0.8594
45.0182,0.0671,15,TESTTWO,428,15,342,419,336,-38.522,-28.961,-134.196,-104.375,170,48.195,83.858,85.004,0,0.0
45.0823,0.0692,14,TESTTWO,428,14,343,401,324,-84.204,-57.136,-260.024,-173.349,313,101.759,86.457,83.241,0,0.0
45.1503,0.0635,16,TESTTWO,427,16,341,378,305,-128.661,-101.807,-362.102,-299.128,470,164.068,89.457,80.241,0,0.0
45.2143,0.0668,15,TESTTWO,414,15,332,354,285,-139.035,-112.863,-359.256,-299.38,468,179.078,92.457,77.241,0,0.0
45.2823,0.0661,15,TESTTWO,393,15,312,334,264,-125.606,-117.936,-302.759,-317.897,439,172.296,95.457,74.241,0,0.0
45.3509,0.0673,15,TESTTWO,366,15,285,315,243,-113.082,-110.617,-282.197,-311.902,421,158.189,98.457,71.241,0,0.0
45.4142,0.0674,15,TESTTWO,344,15,260,300,224,-92.975,-98.035,-222.618,-281.982,359,135.112,101.327,68.241,0,0.0
45.4823,0.065,15,TESTTWO,329,15,241,287,207,-86.016,-91.56,-200.078,-261.641,329,125.626,103.982,65.415,0,0.0
45.5463,0.0676,15,TESTTWO,306,15,220,274,190,-74.302,-85.319,-192.288,-251.454,317,113.138,106.275,62.782,0,0.0
45.6142,0.0629,16,TESTTWO,283,16,194,262,173,-62.994,-80.492,-190.887,-270.424,331,102.212,108.219,60.297,0,0.0
45.6823,0.0695,14,TESTTWO,252,14,160,253,161,-27.471,-36.962,-129.419,-172.558,216,46.053,109.067,59.156,0,0.0
45.7465,0.0676,15,TESTTWO,241,15,145,246,150,-17.777,-30.793,-103.536,-162.7,193,35.556,109.616,58.206,0,0.0
45.8142,0.063,16,TESTTWO,228,16,134,241,141,-4.447,-24.406,-79.31,-142.758,163,24.808,109.753,57.453,0,0.063
45.8784,0.0692,14,TESTTWO,228,14,134,238,136,0.468,-13.887,-43.331,-72.218,84,13.895,109.738,57.024,0,0.1323
45.9471,0.0636,16,TESTTWO,221,16,123,235,130,3.626,-13.749,-47.158,-94.316,105,14.219,109.626,56.6,0,0.1959
46.0142,0.0677,15,TESTTWO,221,15,117,232,126,1.254,-3.995,-44.303,-59.071,74,4.187,109.626,56.6,0,0.2636
46.0783,0.069,14,TESTTWO,220,14,113,231,123,11.001,0.434,0,-43.484,43,11.01,109.287,56.613,0,0.3326
46.1464,0.0633,16,TESTTWO,220,16,113,230,120,10.001,-3.425,0,-47.389,47,10.571,108.978,56.508,0,0.3959
46.2102,0.067,15,TESTTWO,220,15,113,229,119,9.001,6.001,0,0,0,10.818,108.7,56.693,0,0.4629
46.2783,0.0654,15,TESTTWO,220,15,113,229,118,9.001,5.001,0,0,0,10.297,108.423,56.847,0,0.5283
46.3425,0.0675,15,TESTTWO,220,15,113,228,118,8.001,5.001,0,0,0,9.435,108.176,57.002,0,0.5958
46.4104,0.0631,16,TESTTWO,220,16,113,228,118,8.001,5.001,0,0,0,9.435,107.929,57.156,0,0.6589
46.4785,0.0699,14,TESTTWO,220,14,113,228,118,8.001,5.001,0,0,0,9.435,107.682,57.31,0,0.7288
46.5424,0.0673,15,TESTTWO,220,15,113,228,118,8.001,5.001,0,0,0,9.435,107.435,57.465,0,0.7961
46.6102,0.063,16,TESTTWO,220,16,113,228,118,8.001,5.001,0,0,0,9.435,107.188,57.619,0,0.8591
46.6748,0.0691,14,TESTTWO,220,14,112,228,118,8.001,6.001,0,0,0,10.001,106.941,57.804,0,0.9282
46.7424,0.0642,16,TESTTWO,220,16,112,229,119,9.001,7.001,0,0,0,11.403,106.663,58.02,0,0.9924
46.8105,0.0665,15,TESTTWO,224,15,112,232,122,17.933,19.933,45.146,45.146,64,26.813,106.11,58.635,0,0.0
46.8744,0.07,14,TESTTWO,235,14,112,234,126,-0.999,26.574,0,57.148,57,26.592,106.141,59.456,0,0.0
46.9457,0.0632,16,TESTTWO,235,16,112,235,129,0.001,27.451,0,47.499,47,27.451,106.141,60.303,0,0.0
47.0063,0.0698,14,TESTTWO,240,14,117,237,131,-2.999,14.001,0,0,0,14.319,106.233,60.735,0,0.0698
47.0745,0.0629,16,TESTTWO,240,16,129,240,137,10.5,28.999,47.723,95.446,107,30.841,105.909,61.63,0,0.0
47.1425,0.0673,15,TESTTWO,240,15,134,242,142,2.001,24.341,0,74.271,74,24.423,105.847,62.381,0,0.0673
47.2063,0.0668,15,TESTTWO,240,15,134,245,145,14.88,20.88,44.903,44.903,64,25.639,105.388,63.026,0,0.0
47.2746,0.0658,15,TESTTWO,240,15,139,249,151,22.383,32.073,60.825,91.238,110,39.111,104.697,64.016,0,0.0
47.339,0.0677,15,TESTTWO,240,15,147,252,157,21.743,29.485,44.283,88.565,99,36.635,104.026,64.926,0,0.0
47.4063,0.0632,16,TESTTWO,247,16,155,254,160,13.96,15.44,31.632,47.448,57,20.815,103.595,65.402,0,0.0632
47.4746,0.069,14,TESTTWO,253,14,161,257,164,13.564,15.752,43.469,57.959,72,20.787,103.177,65.888,0,0.1322
47.5384,0.0677,15,TESTTWO,255,15,167,260,170,14.756,22.512,44.342,88.684,99,26.917,102.721,66.583,0,0.0
47.6063,0.0625,16,TESTTWO,257,16,169,264,175,21.085,23.606,64.019,80.023,102,31.652,102.07,67.312,0,0.0
47.6703,0.07,14,TESTTWO,264,14,169,268,180,16.579,26.723,57.171,71.464,92,31.448,101.559,68.137,0,0.0
47.7437,0.0631,16,TESTTWO,269,16,176,272,187,16.94,35.394,63.358,110.877,128,39.239,101.036,69.229,0,0.0
47.8063,0.0725,14,TESTTWO,272,14,186,277,192,20.163,21.163,68.918,68.918,97,29.23,100.414,69.882,0,0.0
47.8704,0.0642,16,TESTTWO,275,16,196,280,197,15.287,18.144,46.754,77.924,91,23.726,99.942,70.442,0,0.0642
47.9405,0.0634,16,TESTTWO,279,16,202,284,201,18.887,12.887,63.116,63.116,89,22.864,99.359,70.84,0,0.1275
48.0024,0.0691,14,TESTTWO,288,14,202,288,207,12.736,24.104,57.888,86.832,104,27.262,98.966,71.584,0,0.0
48.0705,0.0638,16,TESTTWO,297,16,202,292,212,8.784,27.23,62.651,78.314,100,28.612,98.695,72.424,0,0.0
48.1385,0.068,15,TESTTWO,297,15,202,295,216,7.701,26.935,44.092,58.789,73,28.014,98.457,73.256,0,0.0
48.2023,0.0663,15,TESTTWO,299,15,216,299,221,13.274,21.593,60.333,75.416,97,25.346,98.047,73.922,0,0.0
48.2708,0.0652,15,TESTTWO,299,15,232,304,227,21.863,15.235,76.646,91.975,120,26.648,97.372,74.392,0,0.0
48.3345,0.0679,15,TESTTWO,299,15,237,310,233,30.429,15.429,88.31,88.31,125,34.118,96.433,74.868,0,0.0
48.4023,0.0625,16,TESTTWO,305,16,239,315,239,27.596,21.115,79.976,95.971,125,34.747,95.581,75.52,0,0.0
48.4704,0.0698,14,TESTTWO,314,14,239,321,245,25.911,24.911,85.956,85.956,122,35.944,94.782,76.289,0,0.0
48.5348,0.0673,15,TESTTWO,325,15,245,326,250,17.336,21.336,74.251,74.251,105,27.491,94.247,76.948,0,0.0
48.6023,0.0634,16,TESTTWO,333,16,251,331,256,15.358,25.83,78.896,94.676,123,30.051,93.773,77.745,0,0.0
48.6664,0.069,14,TESTTWO,337,14,255,336,261,14.935,21.935,72.425,72.425,102,26.536,93.312,78.422,0,0.0
48.7345,0.0635,16,TESTTWO,339,16,260,340,266,14.85,23.313,62.952,78.69,101,27.641,92.853,79.141,0,0.0
48.7984,0.0669,15,TESTTWO,340,15,269,345,271,21.441,18.441,74.726,74.726,106,28.28,92.192,79.71,0,0.0
48.8667,0.0659,15,TESTTWO,344,15,276,350,275,22.694,12.355,75.876,60.701,97,25.839,91.491,80.092,0,0.0
48.9352,0.0679,15,TESTTWO,349,15,281,355,279,22.197,10.958,73.619,58.895,94,24.755,90.806,80.43,0,0.0679
48.9989,0.0671,15,TESTTWO,351,15,285,359,284,21.125,15.406,59.656,74.57,95,26.146,90.154,80.905,0,0.0
49.0666,0.0655,15,TESTTWO,358,15,289,364,288,22.794,12.436,76.333,61.067,98,25.966,89.451,81.289,0,0.0
49.1305,0.067,15,TESTTWO,363,15,289,368,292,18.145,16.145,59.744,59.744,84,24.287,88.891,81.788,0,0.067
49.1985,0.0627,16,TESTTWO,367,16,292,373,297,23.548,22.548,79.759,79.759,113,32.602,88.164,82.483,0,0.0
49.3305,0.0699,14,TESTTWO,375,14,298,383,305,39.497,32.198,143.162,114.53,183,50.958,86.945,83.477,0,0.0
49.3984,0.1,10,TESTTWO,376,10,302,389,309,26.201,15.801,60.0,40.0,72,30.597,86.136,83.965,0,0.0
49.4627,0.0698,14,TESTTWO,385,14,307,393,313,20.601,18.601,57.273,57.273,81,27.756,85.5,84.539,0,0.0
49.5327,0.0674,15,TESTTWO,395,15,311,398,317,19.315,19.052,74.153,59.323,95,27.13,84.904,85.127,0,0.0
49.599,0.065,15,TESTTWO,398,15,314,403,321,21.926,20.541,76.932,61.545,99,30.045,84.227,85.761,0,0.0
49.6632,0.0679,15,TESTTWO,409,15,320,407,324,10.971,13.728,58.953,44.215,74,17.573,83.889,86.185,0,0.0679
49.731,0.064,16,TESTTWO,417,16,330,412,328,12.19,11.752,78.13,62.504,100,16.932,83.513,86.547,0,0.1318
49.7946,0.0665,15,TESTTWO,422,15,333,417,332,11.539,12.232,75.174,60.139,96,16.816,83.156,86.925,0,0.1984
49.8629,0.0654,15,TESTTWO,422,15,332,423,336,21.197,17.465,91.8,61.2,110,27.465,82.502,87.464,0,0.0
49.9307,0.0685,15,TESTTWO,422,15,333,428,339,22.069,15.642,73.036,43.822,85,27.05,81.821,87.947,0,0.0
49.9943,0.0657,15,TESTTWO,427,15,338,433,343,22.734,18.388,76.06,60.848,97,29.239,81.119,88.514,0,0.0
50.0626,0.0655,15,TESTTWO,434,15,342,437,346,16.437,14.078,61.071,45.803,76,21.641,80.612,88.949,0,0.0655
50.1267,0.0677,15,TESTTWO,438,15,346,442,349,20.256,12.754,73.888,44.333,86,23.937,79.987,89.342,0,0.1332
50.1944,0.063,16,TESTTWO,444,16,355,446,352,15.971,7.479,63.5,47.625,79,17.635,79.494,89.573,0,0.1962
50.2624,0.0694,14,TESTTWO,452,14,363,450,354,10.678,-8.999,57.624,0,58,13.965,79.164,89.296,0,0.2656
50.3272,0.0672,15,TESTTWO,454,15,365,453,357,8.823,1.823,44.647,44.647,63,9.01,78.892,89.352,0,0.3328
50.3949,0.064,16,TESTTWO,456,16,366,455,359,5.879,-0.121,31.264,31.264,44,5.88,78.892,89.352,0,0.3967
50.4588,0.0693,14,TESTTWO,460,14,366,459,361,11.695,-4.999,57.698,0,58,12.718,78.531,89.198,0,0.4661
50.5266,0.0633,16,TESTTWO,462,16,366,463,363,14.904,3.953,63.196,31.598,71,15.419,78.071,89.32,0,0.5294
50.5944,0.0665,15,TESTTWO,461,15,365,466,365,14.922,6.615,45.096,30.064,54,16.323,77.61,89.524,0,0.5959
50.6585,0.0697,14,TESTTWO,462,14,366,467,366,5.001,0.001,0,0,0,5.001,77.61,89.524,0,0.6656
50.7267,0.0634,16,TESTTWO,468,16,366,469,367,7.943,1.001,31.557,0,32,8.006,77.365,89.555,0,0.729
50.7904,0.067,15,TESTTWO,472,15,366,469,367,-2.999,1.001,0,0,0,3.162,77.365,89.555,0,0.796
50.8586,0.0656,15,TESTTWO,472,15,367,469,367,0,0,0,0,0,3.162,77.365,89.555,0,0.796
50.9226,0.0674,15,TESTTWO,472,15,366,469,367,0,0,0,0,0,3.162,77.365,89.555,0,0.796
50.9905,0.0628,16,TESTTWO,472,16,366,467,367,-12.008,1.001,-31.861,0,32,12.05,77.736,89.585,0,0.8587
51.0586,0.0699,14,TESTTWO,471,14,366,464,366,-16.443,0.001,-42.926,0,43,16.443,78.243,89.586,0,0.9286
51.1227,0.0673,15,TESTTWO,472,15,366,461,366,-20.801,0.001,-44.552,0,45,20.801,78.885,89.586,0,0.996
51.1904,0.0629,16,TESTTWO,472,16,366,457,363,-28.983,-13.487,-63.562,-47.672,79,31.967,79.78,89.169,0,0.0
51.2549,0.0697,14,TESTTWO,472,14,366,451,359,-39.943,-19.628,-86.108,-57.405,103,44.505,81.013,88.563,0,0.0
51.3226,0.064,16,TESTTWO,472,16,366,443,354,-56.5,-29.187,-125.004,-78.128,147,63.593,82.757,87.663,0,0.0
51.3904,0.0663,15,TESTTWO,463,15,366,434,349,-58.852,-33.584,-135.694,-75.385,155,67.76,84.573,86.626,0,0.0
51.4547,0.0697,14,TESTTWO,443,14,365,424,342,-50.583,-45.108,-143.562,-100.494,175,67.774,86.134,85.234,0,0.0
51.5227,0.0636,16,TESTTWO,426,16,364,415,335,-42.133,-53.215,-141.519,-110.071,179,67.875,87.435,83.591,0,0.0
51.5865,0.0669,15,TESTTWO,409,15,349,407,329,-28.3,-39.725,-119.55,-89.662,149,48.774,88.308,82.365,0,0.0
51.6546,0.0656,15,TESTTWO,397,15,329,398,322,-29.196,-30.486,-137.26,-106.758,174,42.211,89.209,81.424,0,0.0
51.7226,0.0675,15,TESTTWO,391,15,316,390,315,-27.057,-23.8,-118.444,-103.639,157,36.035,90.044,80.69,0,0.0
51.7865,0.0667,15,TESTTWO,387,15,308,382,309,-31.387,-18.79,-119.947,-89.96,150,36.582,91.013,80.11,0,0.0
51.8546,0.0658,15,TESTTWO,375,15,299,374,301,-27.752,-24.752,-121.602,-121.602,172,37.186,91.87,79.346,0,0.0
51.9189,0.0673,15,TESTTWO,362,15,297,366,294,-22.146,-25.878,-118.852,-103.995,158,34.061,92.553,78.547,0,0.0
51.9864,0.0631,16,TESTTWO,357,16,292,358,286,-26.874,-33.874,-126.704,-126.704,179,43.239,93.382,77.502,0,0.0
52.0546,0.0694,14,TESTTWO,356,14,283,350,278,-31.344,-30.344,-115.206,-115.206,163,43.626,94.35,76.565,0,0.0
52.1189,0.0676,15,TESTTWO,351,15,277,341,271,-39.301,-28.789,-133.189,-103.592,169,48.717,95.563,75.677,0,0.0
52.1865,0.0632,16,TESTTWO,345,16,275,334,264,-35.372,-35.372,-110.785,-110.785,157,50.023,96.655,74.585,0,0.0
52.2507,0.0693,14,TESTTWO,335,14,267,328,256,-26.053,-36.405,-86.611,-115.481,144,44.767,97.459,73.461,0,0.0
52.3187,0.0635,16,TESTTWO,331,16,256,322,250,-29.789,-26.789,-94.501,-94.501,134,40.063,98.378,72.635,0,0.0
52.3864,0.0669,15,TESTTWO,327,15,246,316,244,-30.721,-21.721,-89.645,-89.645,127,37.624,99.326,71.964,0,0.0
52.4507,0.0695,14,TESTTWO,316,14,241,311,238,-20.825,-21.991,-71.938,-86.325,112,30.287,99.969,71.285,0,0.0
52.5186,0.0637,16,TESTTWO,304,16,235,306,232,-15.277,-23.733,-78.538,-94.245,123,28.225,100.441,70.553,0,0.0
52.5828,0.0667,15,TESTTWO,300,15,232,300,226,-19.794,-25.794,-89.977,-89.977,127,32.514,101.052,69.757,0,0.0
52.6507,0.066,15,TESTTWO,300,15,223,296,220,-17.327,-22.992,-60.584,-90.876,109,28.79,101.586,69.047,0,0.0
52.7187,0.0672,15,TESTTWO,294,15,215,291,213,-19.37,-24.918,-74.412,-104.177,128,31.561,102.184,68.278,0,0.0
52.7831,0.0669,15,TESTTWO,288,15,212,286,208,-18.452,-20.452,-74.787,-74.787,106,27.546,102.754,67.647,0,0.0
52.8539,0.0666,15,TESTTWO,286,15,204,283,203,-12.908,-17.514,-45.04,-75.067,88,21.757,103.152,67.106,0,0.0666
52.9166,0.0701,14,TESTTWO,286,14,204,279,198,-19.56,-21.7,-57.094,-71.367,91,29.214,103.756,66.437,0,0.0
52.9848,0.0616,16,TESTTWO,278,16,194,274,192,-21.845,-23.414,-81.116,-97.339,127,32.022,104.43,65.714,0,0.0
53.0538,0.07,14,TESTTWO,269,14,189,271,187,-7.426,-17.71,-42.849,-71.416,83,19.204,104.659,65.167,0,0.07
53.1167,0.0681,15,TESTTWO,268,15,182,269,184,1.001,-7.692,0,-44.059,44,7.757,104.628,64.93,0,0.1381
53.1848,0.0618,16,TESTTWO,268,16,175,268,183,0.001,8.001,0,0,0,8.001,104.628,65.177,0,0.1999
53.2514,0.07,14,TESTTWO,267,14,172,267,182,0.001,10.001,0,0,0,10.001,104.628,65.486,0,0.2699
53.3173,0.0659,15,TESTTWO,267,15,170,267,181,0.001,11.001,0,0,0,11.001,104.628,65.825,0,0.3358
53.3809,0.0649,15,TESTTWO,268,15,170,267,181,-0.999,11.001,0,0,0,11.046,104.659,66.165,0,0.4007
53.4506,0.0654,15,TESTTWO,268,15,170,267,181,-0.999,11.001,0,0,0,11.046,104.69,66.504,0,0.4661
53.5169,0.069,14,TESTTWO,267,14,170,267,181,0.001,11.001,0,0,0,11.001,104.69,66.844,0,0.535
53.5808,0.0651,15,TESTTWO,268,15,170,267,181,-0.999,11.001,0,0,0,11.046,104.721,67.183,0,0.6001
53.6498,0.0658,15,TESTTWO,268,15,170,267,181,-0.999,11.001,0,0,0,11.046,104.751,67.523,0,0.666
53.7129,0.0684,15,TESTTWO,267,15,171,267,181,0.001,10.001,0,0,0,10.001,104.751,67.831,0,0.7343
53.7806,0.0619,16,TESTTWO,268,16,179,267,181,-0.999,2.001,0,0,0,2.237,104.751,67.831,0,0.7962
53.8506,0.069,14,TESTTWO,268,14,183,267,181,-0.999,-1.999,0,0,0,2.235,104.751,67.831,0,0.8652
53.9109,0.0699,14,TESTTWO,268,14,183,267,181,-0.999,-1.999,0,0,0,2.235,104.751,67.831,0,0.9351
53.9787,0.059,17,TESTTWO,268,17,183,268,182,0.001,-0.999,0,0,0,0.999,104.751,67.831,0,0.9941
54.0431,0.0695,14,TESTTWO,268,14,183,270,184,2.001,1.001,0,0,0,2.237,104.751,67.831,0,1.0636
54.1111,0.0639,16,TESTTWO,268,16,183,273,186,15.322,9.882,46.915,31.277,56,18.232,104.279,68.136,0,1.1275
54.1787,0.0669,15,TESTTWO,268,15,183,277,192,22.152,28.727,59.777,89.665,108,36.276,103.595,69.023,0,0.0
54.2432,0.0694,14,TESTTWO,268,14,183,283,200,34.016,42.354,86.432,115.242,144,54.323,102.545,70.33,0,0.0
54.311,0.0634,16,TESTTWO,268,16,190,289,208,41.813,45.751,94.601,126.134,158,61.979,101.254,71.742,0,0.0
54.3747,0.0666,15,TESTTWO,268,15,201,295,214,46.834,32.834,90.148,90.148,127,57.196,99.809,72.756,0,0.0
54.4426,0.0658,15,TESTTWO,269,15,209,300,221,47.727,35.418,76.029,106.441,131,59.434,98.336,73.849,0,0.0
54.5113,0.0673,15,TESTTWO,282,15,221,308,230,52.166,38.437,118.934,133.8,179,64.798,96.726,75.035,0,0.0
54.5746,0.0675,15,TESTTWO,300,15,231,317,239,46.342,37.342,133.37,133.37,189,59.515,95.295,76.188,0,0.0
54.6425,0.0651,15,TESTTWO,313,15,242,323,246,30.265,27.643,92.11,107.462,142,40.989,94.361,77.041,0,0.0
54.7069,0.0672,15,TESTTWO,324,15,252,329,253,24.643,23.917,89.283,104.164,137,34.341,93.601,77.779,0,0.0
54.7745,0.0631,16,TESTTWO,335,16,260,338,261,34.382,28.895,142.639,126.79,191,44.911,92.54,78.671,0,0.0
54.8427,0.0696,14,TESTTWO,345,14,261,346,270,26.272,37.431,114.869,129.228,173,45.731,91.729,79.826,0,0.0
54.9067,0.0674,15,TESTTWO,348,15,268,354,277,32.115,31.85,118.698,103.861,158,45.23,90.738,80.809,0,0.0
54.9746,0.063,16,TESTTWO,354,16,278,361,283,31.465,25.97,111.198,95.313,146,40.798,89.766,81.611,0,0.0
55.0387,0.0698,14,TESTTWO,361,14,286,370,291,37.381,30.227,128.999,114.666,173,48.073,88.613,82.544,0,0.0
55.107,0.0633,16,TESTTWO,366,16,294,379,298,44.275,28.325,142.153,110.564,180,52.56,87.246,83.418,0,0.0
55.1745,0.0672,15,TESTTWO,374,15,301,385,303,30.657,18.381,89.345,74.454,116,35.745,86.3,83.985,0,0.0
55.2399,0.0694,14,TESTTWO,385,14,308,390,308,20.844,15.844,72.012,72.012,102,26.182,85.657,84.474,0,0.0
55.3072,0.0648,15,TESTTWO,394,15,310,397,313,26.757,19.969,107.98,77.129,133,33.387,84.831,85.091,0,0.0
55.3708,0.066,15,TESTTWO,402,15,315,405,320,29.671,28.337,121.227,106.074,161,41.029,83.915,85.965,0,0.0
55.439,0.0655,15,TESTTWO,411,15,324,413,326,28.859,22.145,122.083,91.562,153,36.377,83.024,86.649,0,0.0
55.5034,0.0674,15,TESTTWO,420,15,330,418,330,14.333,13.066,74.236,59.388,95,19.395,82.582,87.052,0,0.0674
55.5709,0.0635,16,TESTTWO,426,16,335,425,334,23.254,12.86,110.239,62.994,127,26.573,81.864,87.449,0,0.0
55.6392,0.0692,14,TESTTWO,430,14,341,433,340,28.422,18.067,115.551,86.664,144,33.679,80.987,88.007,0,0.0
55.7034,0.0677,15,TESTTWO,436,15,342,442,346,35.26,23.507,132.993,88.662,160,42.377,79.899,88.732,0,0.0
55.7714,0.0629,16,TESTTWO,444,16,348,448,349,24.972,11.487,95.323,47.662,107,27.487,79.128,89.087,0,0.0
55.8356,0.07,14,TESTTWO,453,14,360,455,354,24.011,9.722,100.044,71.46,123,25.904,78.387,89.387,0,0.0
55.9036,0.0635,16,TESTTWO,458,16,367,463,359,32.72,9.325,125.995,78.747,149,34.023,77.377,89.674,0,0.0
55.9707,0.0668,15,TESTTWO,462,15,367,472,364,39.623,13.458,134.645,74.803,154,41.846,76.154,90.09,0,0.0
56.036,0.0689,15,TESTTWO,470,15,367,481,369,39.724,17.958,130.559,72.533,149,43.595,74.928,90.644,0,0.0
56.1033,0.0645,15,TESTTWO,473,15,372,489,373,43.272,14.637,123.96,61.98,139,45.681,73.593,91.096,0,0.0
56.1669,0.0662,15,TESTTWO,486,15,375,495,377,28.926,15.284,90.566,60.377,109,32.715,72.7,91.568,0,0.0
56.2354,0.0654,15,TESTTWO,502,15,382,500,379,14.808,3.724,76.397,30.559,82,15.269,72.243,91.683,0,0.0654
56.3033,0.0676,15,TESTTWO,509,15,382,500,379,0,0,76.397,30.559,82,15.269,72.243,91.683,0,0.0654
56.3667,0.0669,15,TESTTWO,510,15,382,500,379,0,0,76.397,30.559,82,15.269,72.243,91.683,0,0.0654
56.4352,0.0652,15,TESTTWO,510,15,382,500,379,0,0,76.397,30.559,82,15.269,72.243,91.683,0,0.0654
56.4995,0.0677,15,TESTTWO,510,15,382,512,382,40.976,9.745,177.161,44.29,183,42.119,70.978,91.983,0,0.0
56.5668,0.0633,16,TESTTWO,512,16,382,518,383,26.862,1.001,94.822,0,95,26.88,70.149,92.014,0,0.0
56.6352,0.069,14,TESTTWO,524,14,383,523,382,14.932,-0.999,72.413,0,72,14.965,69.688,91.983,0,0.069
56.6993,0.0677,15,TESTTWO,533,15,383,525,377,-7.999,-22.258,0,-73.907,74,23.652,69.935,91.296,0,0.1367
56.7668,0.063,16,TESTTWO,538,16,383,521,370,-30.966,-37.442,-63.488,-111.103,128,48.588,70.891,90.141,0,0.0
56.8317,0.0694,14,TESTTWO,538,14,383,511,362,-58.682,-46.346,-144.015,-115.212,184,74.777,72.702,88.71,0,0.0
56.8991,0.0643,16,TESTTWO,539,16,385,494,353,-103.138,-62.779,-264.27,-139.908,299,120.742,75.702,86.773,0,0.0
56.9668,0.0661,15,TESTTWO,535,15,379,470,342,-144.879,-73.611,-363.09,-166.416,399,162.507,78.702,84.501,0,0.0
57.0319,0.0695,14,TESTTWO,508,14,356,439,326,-167.072,-80.618,-445.788,-230.084,502,185.506,81.702,82.013,0,0.0
57.099,0.0639,16,TESTTWO,479,16,339,404,303,-195.487,-115.177,-547.67,-359.898,655,226.893,84.702,79.013,0,0.0
57.1627,0.0663,15,TESTTWO,458,15,325,369,277,-205.212,-134.329,-528.242,-392.408,658,245.268,87.702,76.013,0,0.0
57.231,0.0652,15,TESTTWO,438,15,302,340,251,-195.914,-138.785,-445.07,-399.029,598,240.091,90.702,73.013,0,0.0
57.2988,0.0681,15,TESTTWO,409,15,276,318,233,-162.079,-101.155,-323.091,-264.347,417,191.055,93.702,70.013,0,0.0
57.3627,0.0667,15,TESTTWO,385,15,258,308,223,-109.979,-67.979,-149.909,-149.909,212,129.292,96.702,67.914,0,0.0
57.4306,0.0656,15,TESTTWO,358,15,233,308,223,0,0,-149.909,-149.909,212,129.292,96.702,67.914,0,0.0
57.4951,0.0672,15,TESTTWO,333,15,202,308,223,0,0,-149.909,-149.909,212,129.292,96.702,67.914,0,0.0
57.5626,0.0633,16,TESTTWO,329,16,196,308,223,0,0,-149.909,-149.909,212,129.292,96.702,67.914,0,0.0
57.6268,0.0694,14,TESTTWO,329,14,194,308,223,0,0,-149.909,-149.909,212,129.292,96.702,67.914,0,0.0
57.6947,0.0635,16,TESTTWO,329,16,194,308,223,0,0,-149.909,-149.909,212,129.292,96.702,67.914,0,0.0
57.7626,0.0669,15,TESTTWO,329,15,195,308,223,0,0,-149.909,-149.909,212,129.292,96.702,67.914,0,0.0
57.8268,0.0696,14,TESTTWO,329,14,194,308,223,0,0,-149.909,-149.909,212,129.292,96.702,67.914,0,0.0
57.8951,0.0634,16,TESTTWO,329,16,194,308,223,0,0,-149.909,-149.909,212,129.292,96.702,67.914,0,0.0
57.9588,0.067,15,TESTTWO,329,15,194,308,223,0,0,-149.909,-149.909,212,129.292,96.702,67.914,0,0.0
58.0269,0.0657,15,TESTTWO,329,15,195,308,223,0,0,-149.909,-149.909,212,129.292,96.702,67.914,0,0.0
58.0955,0.0673,15,TESTTWO,329,15,195,308,223,0,0,-149.909,-149.909,212,129.292,96.702,67.914,0,0.0
58.1588,0.0673,15,TESTTWO,329,15,194,308,223,0,0,-149.909,-149.909,212,129.292,96.702,67.914,0,0.0
58.2267,0.0654,15,TESTTWO,329,15,195,308,223,0,0,-149.909,-149.909,212,129.292,96.702,67.914,0,0.0
58.2929,0.0673,15,TESTTWO,329,15,194,308,223,0,0,-149.909,-149.909,212,129.292,96.702,67.914,0,0.0
58.3586,0.0649,15,IDLE,329,15,195,308,223,0,0,-149.909,-149.909,212,129.292,96.702,67.914,0,0.0
